lang,phrase,count
hi,ह,6
ha,න,5
si,ස ත ත ය,5
el,ευχαριστώ που παρακολουθήσατε,4
en,bye,4
fo,þeir agurðu áttu,4
ja,見てくれてありがとう,4
pt,tchau,4
ta,கள,4
ar,شكرا على المشاهدة,3
as,ɣɒm ɣɒm,3
en,thanks for watching,3
en,you,3
es,gracias por ver el video,3
fa,ممنون,3
fo,þeir agaðu áttu,3
he,תודה רבה,3
hi,thanks for watching,3
id,terima kasih telah menonton,3
ja,ご視聴ありがとうございました,3
jw,谢谢观看 下集再见,3
km,dshs stance,3
km,thank you for watching,3
kn,ಕ ಟ ಟ ನ ನ ಮ ತರ ಗ ಬ,3
kn,ದ ದ,3
lo,คร บ,3
mn,කරන න,3
mr,प रस त त र क रम व,3
mr,र,3
nn,谢谢观看 下集再见,3
pt,fim,3
pt,obrigado por assistir,3
ru,подписывайтесь на мой канал,3
ru,спасибо за просмотр,3
sw,kwa hivyo kwa hivyo,3
af,onderstand,2
af,so,2
ar,شكرا,2
ar,شكرا للمشاهدة,2
as,so,2
az,i zlədiyiniz üçün təşəkkürlər,2
ba,қарай қарай,2
ba,қауға қауға,2
be,установляйте субтитры на сайте,2
bn,india,2
bn,સ,2
bn,સ સ સ સ સ સ સ,2
bo,频道,2
br,merci d'avoir regardé cette vidéo,2
bs,hvala što pratite kanal,2
ca,gràcies,2
ca,gràcies per veure'm,2
ca,gràcies per veure'ns,2
cs,titulky vytvořil johnyx,2
el,ευχαριστώ,2
en,i m not sure if this is the right way to do it but i m not sure if this,2
en,satsang with mooji,2
en,subtitles by the amara org community,2
en,thank you,2
en,thank you for watching,2
en,thank you for watching please subscribe,2
en,thanks for watching please subscribe,2
en,the,2
es,críbete al canal gracias,2
et,tõe on kõige hea,2
et,tõmba ja teha,2
eu,eta hori garrantzitsua da,2
fi,kiitos,2
fi,kiitos kun katsoit,2
fi,kiitos kun katsoit tehdään yhdessä uutta videoa,2
fi,kiitos kun katsoit tämä on seuraava video kiitos,2
fo,þeir agarðu á þeir fyrir,2
fo,þeir agurðu fyrir,2
fo,þeir fyrir,2
fr,merci d'avoir regardé cette vidéo,2
fr,ontario,2
gl,ata la próxima,2
gl,vale vale vale vale,2
gu,अगर सबपट ख ल करत ह,2
gu,સ વ how how,2
ha,implant plant plant 3,2
ha,top croatian,2
ha,ye maha dorana,2
ha,ක ර මට ක ර මට ක ර මට,2
ha,න න,2
haw,thank you for watching,2
haw,thank you for watching please subscribe,2
haw,thanks for watching,2
haw,下集再会,2
hi,त र,2
hi,त ह,2
hi,र,2
hr,hvala što pratite kanal,2
ht,music,2
hu,köszi hogy megnézted,2
id,terima kasih sudah menonton jangan lupa subscribe like,2
it,grazie per la visione,2
jw,sampai jumpa,2
kk,құрсыңыз,2
kk,әріңіздер,2
km,ขอบค ณคร บ,2
km,ន ន ន,2
kn,ಗಳ,2
kn,ಯಲ ಲ,2
kn,ರ,2
kn,ವ ಗ ಸ ತ ದ ದ,2
ko,구독해주세요,2
ko,시청해 주셔서 감사합니다,2
ko,시청해주셔서 감사합니다,2
la,'s a big help to me,2
la,www fallingplates com,2
lb,en dan is er nog een jaar of een jaar,2
lb,merci d'avoir regardé cette vidéo,2
lb,sous titres par jérémy dupont,2
ln,kwa nafasha kwa mbili,2
lo,ขอบค ณส าหร บความชม ก,2
lo,ความส ขของค ณ,2
lo,ณ,2
lo,ดตามตอนต อไป,2
lo,ระว ง และ สว สด กระว,2
lo,อไป,2
lt,atsargiai,2
lv,un jūs esat iespējami,2
mg,merci pour votre attention,2
mg,sous titres par leonardo martinez,2
mg,sous titres par rafael moraes,2
mi,tēnā koe,2
mi,න,2
mk,се сочуваат со вашата система,2
mk,сеќава сеќава,2
ml,notified of upcoming videos,2
ml,thank you for watching,2
mn,මට ක ර මට ක ර මට ක ර,2
mn,ර මට ක ර මට ක ර මට ක,2
ms,terima kasih kerana menonton,2
mt,fa' ndi' b'għadħan ndi' b'għadħan ndi' b'għadħan,2
my,多謝您的觀看,2
ne,thanks for watching,2
nl,tv gelderland 2021,2
nn,thank you for watching,2
nn,ご視聴ありがとうございました,2
oc,la ciudad de san juan de la paz,2
pa,ko,2
pl,dziękuje za oglądanie,2
pt,até a próxima,2
pt,e aí,2
pt,eu acho que eu vou,2
pt,fui,2
pt,obrigada por assistir,2
pt,é isso aí,2
pt,é isso aí valeu,2
ro,să ne vedem la următoarea mea rețetă,2
ro,să ne vedem în următoarea mea rețetă,2
ro,să vă mulțumim pentru vizionare,2
ru,подписывайтесь на наш канал,2
sa,න ස ට ය,2
sd,please subscribe to my channel,2
sd,ह,2
si,ක ර මට ක ර මට ක ර මට,2
si,ක ර මට ස ත ත ය,2
si,ප රහන ප රහන ප රහන,2
si,ප රහන ස ත ත ය,2
si,මට ක ර මට ක ර මට ක ර,2
si,ය,2
sn,share this video with your friends on social media,2
sn,subscribe to my channel thank you,2
sn,thank you for watching please subscribe,2
sn,งงงง,2
sn,ご視聴ありがとうございました,2
sr,и,2
sr,субтитри одбрани на канал,2
sr,субтитри са симонима,2
su,sampai jumpa di video selanjutnya,2
su,sub indo by broth3rmax,2
su,terima kasih atas dukungan anda,2
su,terima kasih telah menonton,2
sv,tack för mig,2
sv,tack till elever och personal vid säkerhetssättet,2
ta,க க ண ட வர க ற ய,2
ta,க ள ள ங கள,2
ta,கள ய ம பற ற ய வ ஷயங,2
ta,ங கள,2
ta,வர க ற ர கள,2
tg,барабанна кандидатка,2
tg,барабанна кистка,2
tg,барабанна кишка,2
tg,қол ҳырдан дұрб қол ҳырдан дұрб,2
th,โปรดต ดตามตอนต อไป,2
tk,арай,2
tk,қарай қарай,2
tk,қарай қарай қарай қарай,2
tk,қарай қарай қарай қарай қарай қ,2
tl,subscribe,2
tr,abone ol,2
tt,seven by seven,2
uk,дякую за перегляд,2
ur,ملتا ہے,2
ur,کریں,2
ur,ہیں,2
ur,ہے,2
ur,یکھنا چاہتے ہیں,2
vi,hãy đăng kí kênh để ủng hộ mình nhé,2
vi,hẹn đại gia đình video tiếp theo nhé,2
vi,mới nhé,2
vi,những video hấp dẫn,2
vi,theo,2
yi,אהלן,2
yo,sosirwe com au,2
yo,sosoko,2
yo,sosoko com au,2
yo,sosokyo,2
yo,thank you for watching please subscribe,2
yo,thank you for watching please subscribe to my channel,2
yo,thank you for watching please subscribe to support us,2
yue,thank you for watching please subscribe,2
zh,謝謝觀看 下次見,2
af,belangrijke bestiening,1
af,belangrijke komtuin,1
af,blijven alle passagiers buiten de heer ramps en landingen,1
af,een gewoonde slag is nie,1
af,en dan gaan we de rest van de dag nog eens proberen,1
af,en dit is het,1
af,gedaan,1
af,is,1
af,is al een paar uur geleden dat ik dit gedurende de dag heb,1
af,is al eens een beetje te laat,1
af,mag ek uw aandacht hê die fagot sal korte bewege voor u,1
af,o wat een mooie dag,1
af,oh,1
af,okay,1
af,onderschatting by simon van der leeuwen,1
af,onderschatting met sint ewaard van der linden,1
af,onderspreeuwt u dit,1
af,onderstand ondertitels door die amara org gemeenschap,1
af,ondertitels door die amara org gemeenschap,1
af,ondertitels door die amara org kumpel,1
af,ondertussen is het er een paar uur gedurende de dag en het,1
af,ou het een eiende,1
af,sint gerrit van der poort die het een oude kasteel in het,1
af,sous titres by thebettahloop com,1
af,stefan die is nie,1
af,succes,1
af,te doen,1
af,te wens,1
af,van,1
af,veiligheid,1
af,volg ons kanaal voor meer handige video's,1
af,water gehaald,1
am,2 6 door,1
am,a,1
am,ara,1
am,arguably and perhaps unnecessarily in some cases,1
am,billet,1
am,billet a,1
am,but i must let you go,1
am,com funders org,1
am,desert paineng balls,1
am,driven,1
am,dá da,1
am,embarrassed,1
am,fac aced ba cɜcnt ex 9,1
am,fcdc ca,1
am,follow me on instagram,1
am,follows video by chumay quite a few times even though,1
am,goo,1
am,hashtag zainab polish,1
am,hmmm,1
am,hope you liked this video please subscribe thumb up and,1
am,i learned it a number of times,1
am,inquilaba com,1
am,just wasn't sure i'm going to make this for those who are g,1
am,music,1
am,my love by your side,1
am,ography by iago,1
am,or shall i use a paraphernalia to flaunt what i am today,1
am,ovitas,1
am,owania,1
am,rainbow,1
am,riminal,1
am,rowing leaves,1
am,sabo sabo sabo have fun,1
am,seari,1
am,share with your friends for more,1
am,so maybe i will in the near future 6 or 7 years,1
am,subscribe,1
am,t taylor,1
am,tae,1
am,thank you for watching,1
am,the footage was not viral ken officially,1
am,uabɪo gᴜo,1
am,utenant,1
am,volta,1
am,wallpapering,1
am,we are the champions of ethiopia,1
am,we are the champions of the world,1
am,where do i begin to 갖고 있니,1
am,www milktoothmunulation com,1
am,yao shao,1
am,you okay,1
am,ām,1
am,ȏեր jest,1
am,ʻānakoshaʻe ʻānakoshaʻe ʻānakoshaʻe,1
am,ադիմ եձդչում են തցերե կապඹ,1
am,ազկանը ազկանը ազկանը ազկանը,1
am,ազկանը այդ հանդական է որ ուզում,1
am,ազկանը այս ամեր ազկանը այս ամեր,1
am,ազկանի ազկանի ազկանի,1
am,ազկեր ազկեր,1
am,ազկս հանդկան է այս հանդկան է այս,1
am,ազկս հանդկան է որ ուզում է որ ու,1
am,ազմանի ազմանի,1
am,աիստ පරනට ඒපටම හ ල ස,1
am,այգաճամբիժը օմմակ եւ որ հանգ ռեխ,1
am,ասկանի ասկանի,1
am,ասկկյան է հանդկան է որ հանդկան է,1
am,աստ,1
am,զում է,1
am,զում է որ ուզում է,1
am,է,1
am,է որ ուզում է,1
am,թա evū rē0,1
am,ի ոօղ,1
am,հանդկան է,1
am,րենը ՠախերմաժ ագմաջ հիմար այրու,1
am,امتنع,1
am,ل,1
am,م,1
am,من,1
am,୧୧୨ ୨ ට,1
am,ಅದನರ ದ ಕ ಣ ಯದಲ ದರ ಯದ,1
am,ಇವ ಲ ತ ಅಲ ಲ,1
am,ಕ ಲಕಠಲಗರಗ ದರನ ಅದರಣನ,1
am,ಕಟರನ,1
am,ಕರಗರಗ ದರನ ಸಸರ ಮನಪತ,1
am,ನರ,1
am,ಮಡ ಗ ಯದ ದದ ನಡ ದರ ಅ,1
am,ಯ ಯ ಶ ಕಲ ಲ ಕ ನಗ ನಲ ಲ,1
am,ಸ isthese dili shh rs pehlika,1
am,ദ യ ഡഗറല ല vegan,1
am,പ ന മ ക റ കഡ ക കന,1
am,പ ന മഽ അഡ റഡ ക കසഗ,1
am,ൻ ക ത ക ക വ ക പട,1
am,අප පමන න,1
am,අව ය සම වනස ප න න,1
am,ඇන න අප ම ද ة බ ල ජ ල,1
am,ඉකළ ඩම ද අදය ගන ට,1
am,ඔන ස ට ට සමග ට ට ද,1
am,කප න න ප ර මට කරන න,1
am,ග ද න ප රම ම ප ද න,1
am,ද කක,1
am,ද නන යන න,1
am,ද හ නය ඇස,1
am,දම ණ ම න කරද ර ක ප ප,1
am,න,1
am,න අප ග ත ප රම ණය,1
am,න යන න සමග ට සමග ට,1
am,න ස යල ට ප රවන,1
am,ප රත න ප රත න ප රත,1
am,ප රනය,1
am,ප ල ගල ප ළ න න සකපi,1
am,පමඔ ද රම සම වන ත ර හ,1
am,බල ව ටක ම න ක ට යක,1
am,ය සද න දක ප නයක අප,1
am,යක කරන න,1
am,යර ණ කක අප අප ලබ ව,1
am,ල ස ල කප නය,1
am,ව න ඩ ස දනය ඔබට කරන,1
am,වන රය ස ද ග දම වන ර,1
am,වලම,1
am,ශ තකරණ,1
am,සම ත ත ය,1
am,සම ද ප රත න ප රත න,1
am,සම ද ර,1
am,සහල ත ර,1
am,ត ព នងបព មន អ ត ត,1
am,ត រ,1
am,ទ by relév de ga'a,1
am,ន រ ត ន រ ត ម រ ត,1
am,ប រស រ ត ន រ ត ន រ,1
am,បansas ៩,1
am,រ earnings,1
am,រ ត ន រ ត ន រ ត រ,1
am,រ ម ត អ ន ត រ,1
am,អ ត រ នស នស ម,1
am,អ ប ត ស រ ម ម ត រ អ,1
am,ᶒɪacnb fate bᶅᶗe,1
am,ḍḍḍḍḍ,1
am,ḵoᶅ ර ඟ ක ර ම ත ඳ,1
am,ἐpt ἤρougu mdɵmthɕ gᴜo,1
am,끝 наст 도 کل اطارها hem sezta kal eit,1
ar,اشتركوا في القناة,1
ar,المصدر من خلال التواصل الاجتماع,1
ar,المصدر من صفحتنا على الوصف,1
ar,باستغرق الوصف,1
ar,ترجمة نانسي قنقر,1
ar,ي بالإنسانية المتحدة في مدينة مد,1
ar,ينة ميكروفونتو,1
as,a,1
as,ah,1
as,aktivitis,1
as,applauds,1
as,bahiya,1
as,film,1
as,for your safety all passengers are to remain off stairs,1
as,getor,1
as,hearing,1
as,hui,1
as,hvantage,1
as,manjati,1
as,may i have your attention please,1
as,nake,1
as,ocument 8,1
as,oh,1
as,om,1
as,oxide,1
as,ramps and landings,1
as,steroids,1
as,subsribir,1
as,the end,1
as,the ferry will be docking shortly,1
as,title microsoft word 97 2003 document msworddoc word d,1
as,uger,1
as,uh,1
as,you,1
as,ä ɴ r a ə ə ҋ,1
as,ères,1
as,ɣɇoɣ ɣɒm ɣɒm,1
as,ɣɒm,1
as,увидеть,1
as,եը մոգա oysters,1
as,ض නරයකකනකඬනකයනcolm nok marian,1
as,अ द ल ज व च ल slightly,1
as,अ स इश ट र क स ट क ब,1
as,अऐ अ श mr engagement,1
as,अगल क प करत ह,1
as,अपन प र ध प र ध प,1
as,अयवप ग wong,1
as,असक य म चर क र प,1
as,इ द ग म गर व ण रस ट,1
as,इसक य म च न म ज,1
as,एग,1
as,और आग क छ ह ज लग सब,1
as,क न पहल नन य क ल,1
as,क प र प ट कर म झ प,1
as,क पर उ ल fairy kathmandu,1
as,क ल ल कच ह ह,1
as,क सब पट सक ष कर आप,1
as,कम पग शन इसम ल म poetry म,1
as,कर,1
as,ख ल ऐस ज लत न य nío,1
as,च द पडन लगस परचल ओप स,1
as,ज र ध हल ब ब न व ज,1
as,ज ल सल बग ल persecuteioon,1
as,ञ क क ह ल र त प य,1
as,ट प रस ट प रस ट प,1
as,ट ह,1
as,त,1
as,तक म ल क ल क क,1
as,न क ज ए चरव ज ज एaka,1
as,न क ल ए व श भ रत करत,1
as,प वस,1
as,पड य नदक पड य,1
as,पदक य बवन प रव द कर,1
as,ब ठ ज त ह,1
as,ब पट कर आप आप अपड य,1
as,म च ट रस ट म गर व,1
as,म ट न पय तफम ख नल र,1
as,र क य ब ल,1
as,र ध,1
as,र प ट कर म झ कर स,1
as,र व र भम ब व क य,1
as,रत करग,1
as,रब धर सब प रब धर,1
as,रस ट प रस ट,1
as,रस ट म च ट रस ट म,1
as,वदर सभगर,1
as,वलत घर पडन य बह त नकल,1
as,स ब इन प रस ट प रस,1
as,सक य करक सक य कर,1
as,सक य परव ण य परव ण,1
as,सदक य परक इग,1
as,सल ड य प इप र ग,1
as,ह,1
as,ह ज क र त ग म ल प ण,1
as,ક ટ વ શ ચ સ ધડ બ વ,1
as,ખ મ પ લ પ ક બ પ છ,1
as,મ પ ક greatest,1
as,ર,1
as,વળ સ બ સ ગ ક ચ બ સ,1
as,න,1
as,පමක ස න න ර ල ල ප ටම,1
as,ම ද ම කරන ස න ස න න,1
as,ර ය ස ස න ස න ස න,1
as,ස න න ස න න ස න න ස න,1
as,ස ස න ශර ම වන කර,1
as,歡迎訂閱今日一 moda video,1
as,登録 ographer's account,1
as,議 ց ɸ əɪ ə ə ɪ ı yə,1
az,altyazı m k,1
az,atınızda görüşək,1
az,bu filmin betrol kodu derp də əlaqət edilmədi,1
az,bəyəri ni n bi r bi li rsi n,1
az,dur bələri əzizlər dəfəkat çoxluqdur,1
az,hələ bir şey var hələ bir şey var,1
az,həmin bu məsələlərə də qalmaq istəyirəm,1
az,həqiqətən bu əsaslıqların çoxluqlarına dair yoxluq,1
az,həyatlarınızı qalın qalın,1
az,həyatınızda əlaqət edə bilərsiniz,1
az,i nstagram com tr,1
az,i r sosyali v vi deo yüklər,1
az,i stəyirsin,1
az,i zlədiyiniz üçün təşəkkür edəcəyim yəni həqi,1
az,i zlədiyiniz üçün xoş gələn,1
az,i zlədiyiniz üçün xoş gələnəmək də elədiyəm y,1
az,i zlədiyiniz üçün xoş gələnəmək də əlaqət edir,1
az,i zlədiyiniz üçün xoş gələnəmək də əzizim həy,1
az,ini qoşqaqlar qaşaqlar və dəhərdləri dəyəcəklər,1
az,ki lərli bi lərsi ni z,1
az,lilərini qarşıqlayaq ələmədən qalmaqdır,1
az,mənim bəyələrim bu kəsəmə də bir dəfəkat çoxluq,1
az,qətən təşəkkür edəcəyim,1
az,so pazərbaycan,1
az,səbəbəsinizə təhsilcəsiniz də əvvəl təhsilcəs,1
az,səhv səhv,1
az,səhv əl əlməri ilə qarşıqlıqlara ələmələrə də,1
az,səhv əlavə edəcəyik,1
az,səhvdən gəlmək üçün əlaqət edəcəyik,1
az,var,1
az,www feyyaz tv,1
az,çox xoşuq,1
az,ə dəyəcək,1
az,əhərdə qalacaq,1
az,əkstərik,1
az,əli var,1
az,əlişim əlaqət edəcək həyatlarınızı qalın,1
az,əm,1
az,ən dəfə bu əlbəttən bir şey var,1
az,əni həyatınızda görə dəyə bilərsiniz,1
az,əzi rb,1
az,əzi rbi t müzi k,1
az,əzi rbi t sosyali sti k bi r sosyali sti k bi r kürşada,1
az,əzi rbəzi ni n münasi bi r sosyali vi yönləri ni n b,1
az,əzi rn bayaği kürüqunda və mənə sənə yərçi ni n,1
az,əzi rni n köyünün üçününi n müzi ki ni n və təş,1
az,əzi rvan kürülər,1
az,əzi rvan əzi rvan əzi rvan əzi rvan,1
az,əzəriyyətləri dəyəkəməmək üçün bu təhsildə d,1
ba,amtettorat nagalafardio,1
ba,amtettorat nalatioerdem,1
ba,baida,1
ba,baidu baida baidu baida baidu baida baidu baida baidu,1
ba,baitanote,1
ba,baxkantak ok,1
ba,demonatas begi,1
ba,ka tœjum ponet ardo,1
ba,nae,1
ba,ngondolbat jok nawet iksiberb suld subtractam wâiŵeaman,1
ba,normalization byран tengal,1
ba,ok beidza bax',1
ba,so,1
ba,t executive,1
ba,t wiggle,1
ba,t גם digo sītnam sîmtsa' qinn mor askarab maith obj,1
ba,tech,1
ba,und das ist es nicht,1
ba,ай қалдай,1
ba,алай,1
ba,амайнан,1
ba,анай қанай,1
ba,араймын қараймын қараймын,1
ba,аршын ба баршын ба баршын ба бар,1
ba,аға,1
ba,ақынан бақытын бағын көріп,1
ba,аңыз,1
ba,аңыз құрғаңыз құрғаңыз құрғаңы,1
ba,барабан барабан,1
ba,барабан барбан,1
ba,барысын ба баршын ба баршын ба б,1
ba,бағамай қоррап,1
ba,з құрғаңыз құрғаңыз құрғаңыз қ,1
ba,н,1
ba,н бағын,1
ba,н бағын көріп қазірдің бақынан б,1
ba,рдың үшін ғарап үшін бағымын бағ,1
ba,уңыз,1
ba,шын ба баршын ба баршын,1
ba,ымын,1
ba,ын,1
ba,ыр ғаңырмын ғанғырмайнан,1
ba,ырмас,1
ba,із құрүңіз құрүңіз,1
ba,ір ғаўға,1
ba,ғарай үшін ғарай үшін,1
ba,қазірдің бақынан бақынан бақыты,1
ba,қазірі ғаңырмын геңі ҷақырға ұш,1
ba,қаймыз үшін қаймыз ұлаймыз,1
ba,қалай қалай,1
ba,қалайын қалайын,1
ba,қарай бағын белің ғоңға,1
ba,қарай қайдай,1
ba,қарай қаңа ұшырдыңыз,1
ba,қарай қаңай үшін ғоңыр,1
ba,қараймын қараймын қараймын қ,1
ba,қарайын бағы бағы ғарайын бағы,1
ba,қардаңыз ба қалдай қардай қалд,1
ba,қау,1
ba,қау jum,1
ba,қау қау қау,1
ba,қауаңыз,1
ba,қауыртан олай болыншы үшін үшін,1
ba,қағын бағамаймын,1
ba,қағын бағамайнан ұшқа ғазің бағ,1
ba,қағығың құрға ұшыңыз үшін,1
ba,қағығың құрғын ғоңға ұнға ұтқың,1
ba,қағыңыз ба қағыңыз қағыңыз қағ,1
ba,қағыңыз қағыңыз,1
ba,қағыңыз құрғаңыз құрғаңыз құрғ,1
ba,қақын бағамай қоррап қақын қоң,1
ba,қақырда қақырдаңымын бағын ұшқы,1
ba,қақырға қынайын қақырға қынайы,1
ba,қақырған қарамаймыз,1
ba,қаңа ұшқа ба,1
ba,қаңырмас қаңырмас қаңырмас қа,1
ba,қаңғаңаңыз,1
ba,қаңғын баға қаңғын баға қаңғын б,1
ba,қаңғын бағамайын бағамайын,1
ba,қаңғын бағын,1
ba,қаңғын бағын бағын қаңғын бағын,1
ba,қаңғын бағын қаңғын бағын,1
ba,қаңғын бағын қаңғын бағын қаңғы,1
ba,қол ғаңырмайнан қанай қанай қ,1
ba,қолдаңыз қалай қайлап қайлап,1
ba,қырбат,1
ba,қырын бағын бағын байдамай қайб,1
ba,қырғаңызға қарайын бағын,1
ba,қырғыз қырғыз қырғыз қырғыз,1
ba,құдай құдай,1
ba,құрбай құрбай,1
ba,ұрғаңыз құрғаңыз құрүңіз құрүң,1
ba,әуігі ба әуігі,1
ba,ಚದಲ broadly invoke functions,1
ba,ಜ ತ ಸಗದಗದ ಬಲಶಚದ just,1
ba,ಜಽವ ಹರಗದ தದಲಟ ಶರ ಬಗ,1
ba,ನ ಸ ರ motherfucker,1
ba,ම ර න ස ත ත ය ස ත ත,1
ba,ය ස ත ත ය ස ත ත ය,1
ba,ជដ អឭ ម កឃ ដ ត ទ ងទ,1
ba,ម ៨ងឤ ម ប នជ ចខ,1
ba,វខ ដ តម ត ម,1
be,www youtube com и на файле децентралі,1
be,а ў шаті,1
be,абонанты ўсём збору не збору,1
be,ай,1
be,айдаў,1
be,айдзе,1
be,айдзе айдзе айдзе,1
be,айн айн,1
be,айнша байна,1
be,айнў гэрэнші хэйнші хэйнші,1
be,айфон 2 паўкі,1
be,айхай,1
be,ангардаў айшангардаїн айшанг,1
be,апараты саўсоўсяні аз гэнбэк аў,1
be,ардаїн айшангардаін айшангарда,1
be,барабанна,1
be,бараный бар хаўсёрт хаўсёрт ха,1
be,барані біля таба,1
be,безопасности все пассажиры,1
be,бую документаліну спэту,1
be,галам граўнаў,1
be,гардаін,1
be,дастся вам как вы можете все,1
be,дзінчынка,1
be,должны оставаться вне стула лам,1
be,елі,1
be,если вам понравилось видео,1
be,за похожу тему,1
be,змін pensu elementos,1
be,и на канале,1
be,ия скоро заканчится для вашей,1
be,йшангардаін айшангардаін айшан,1
be,ка,1
be,кальканся,1
be,каўеў баўнаў,1
be,лайки за каўкыныў,1
be,лайки за субтитры,1
be,лайки кауаў кауаў кауаў,1
be,лайнаў,1
be,лаўў аў баўкані,1
be,людзі які гэтаў гэтаў гэтаў,1
be,ми дзодземо џед цьор задыў знадз,1
be,можна пожалуйста уценити верс,1
be,оўсяні,1
be,пах и ландингах,1
be,рт хаўсёрт,1
be,соўсяні аўсоўсяні аз гэнбэк аўс,1
be,спасибо за просмотр,1
be,таў хаў хаў хаў,1
be,таўсін таўсін,1
be,таўіў ў нём гэнбэнг,1
be,тыўдзе аў халі,1
be,увага на сэмпл сэнк экране,1
be,увага на ўсё ўсё ўсё,1
be,удаліу удаліу,1
be,установляйте субтитры на youtube у,1
be,установляйте субтитры на канале,1
be,установляйте субтитры на ютубе,1
be,установляйте что я не могу,1
be,устанцы хайне,1
be,устанцыя,1
be,устанцыя аў каўыны ў хаўсіны,1
be,устанцыя хайдзі,1
be,устанцыя хайдзі гэнбэнг,1
be,устанцыя хайнаў,1
be,устанцыя хайнаў гэнбэнг,1
be,устанцыя хайнаў гэнбэнган,1
be,устанцыя хаўканныя гэнбэнгі,1
be,устанцыя ға ғаннаўі ғаўі ғаўі,1
be,устанцыя ғалі ғалі баўаў,1
be,ух,1
be,ух ты,1
be,ухвалі ухвалі,1
be,хаўсёрт хаўсёрт хаўсёрт хаўсё,1
be,чау,1
be,что вы хотите будьте здоровы,1
be,эню,1
be,ін айшангардаін айшангардаін а,1
be,ўсё,1
be,ўсём,1
be,ўсёрт хаўсёрт хаўсёрт хаўсёрт,1
be,қалі баўаўі,1
be,қалі баўаўі ғаўі,1
be,қалі баўаўі қалі баўаўі,1
be,қалі баўнам,1
be,қалі баўнаў,1
be,қалі баўшынай ғалі біць мауся к,1
be,қалі гэнбэнган қалі ғэнбэнган,1
be,қалі ғалі баўаўі,1
be,қалі қалі,1
be,қалі қаўканам ғаўін ғалі ғаўін,1
be,қаліптанің баўлі,1
be,қаўаўаўа ў галам гаўаўа ён гаўа,1
bg,com ar,1
bg,store,1
bg,абонирайте се,1
bg,абонирайте се за новите видео,1
bg,абонирайте се и ставайте комент,1
bg,ако ви харесахте не забравяйте,1
bg,ако ви харесвате не забравяйте,1
bg,ари,1
bg,благодаря,1
bg,благодаря ви,1
bg,благодаря ви за просмотр,1
bg,благодаря ви че гледате видеото,1
bg,благодаря ви че гледате ме,1
bg,благодаря ви че гледахте тази,1
bg,благодаря ви че гледахте тези,1
bg,благодаря ви че гледахте това,1
bg,видео и не забравяйте да постав,1
bg,да листите канала като ще получ,1
bg,да поставите лайк,1
bg,забравяйте да поделите видеото,1
bg,ирате за канала,1
bg,ите лайк,1
bg,ите лайк абонирайте се и да не,1
bg,ите лайк благодаря ви че гледах,1
bg,ите нови видео благодаря,1
bg,клип и ще ви се абонирам за нови,1
bg,клип и ще ви се надявам днес в,1
bg,клипи и не забравяйте да се абон,1
bg,мбрисо,1
bg,нови клипи благодаря,1
bg,ова което се казва,1
bg,поставите лайк,1
bg,с приятели,1
bg,се създадат възможности,1
bg,сега ще ви покажа какво е въздух,1
bg,спасибо за гледането,1
bg,стига върху,1
bg,стига първо,1
bg,субтитри от youtube com,1
bg,субтитри от youtube com bz,1
bg,субтитри от youtube com google play google play,1
bg,субтитри от youtube com youtube com ar youtube,1
bg,субтитри от а български,1
bg,субтитри от данил гуев,1
bg,субтитри от данил гуеврид,1
bg,субтитри от данил гуевър,1
bg,субтитри от данил гусев,1
bg,субтитри от данил куфар,1
bg,съжалявам че съжалявам,1
bg,съжалявам че съжалявах,1
bg,съжалявам че съм върху,1
bg,сърдечен дън аз ще се вижда върх,1
bg,сърдечен дън който не е върху,1
bg,сърдечен куриер,1
bg,сърдечен пир,1
bg,сърдечен роман,1
bg,сърцето на тези си срещи се сме,1
bg,също за това че са възможно да,1
bg,също както са върху това не е т,1
bg,те клипи,1
bg,те това видео и не забравяйте да,1
bg,у,1
bg,чакайте,1
bg,ят клип благодаря ви че сме в къ,1
bg,ят от тези срещи,1
bn,2015 2016,1
bn,2018 খক পপ ল ক হট size য,1
bn,address in the video leave your comments below,1
bn,alai vinci danesh,1
bn,also requested a selfie,1
bn,atgeb,1
bn,bake for 8 to 10 minutes,1
bn,birol,1
bn,boa,1
bn,chakrapati harg a,1
bn,cheri अपन sun गत र भ,1
bn,dkhan,1
bn,dudes স বহ এস ম গ গ ফ,1
bn,featatores,1
bn,ffffff ffffffым arms,1
bn,for more information visit www narainnovationproject com,1
bn,garima,1
bn,gowthamtv recorders,1
bn,helped me a lot,1
bn,here's a ur,1
bn,if you have any questions or others that i didn't,1
bn,if you like our video please assimilate it,1
bn,indeer,1
bn,it is being stopped,1
bn,kitkat,1
bn,kitsmart show scene,1
bn,licopeacestv com,1
bn,megazord,1
bn,mr bhaddagara das,1
bn,music,1
bn,ngoa,1
bn,north,1
bn,ops,1
bn,participation group,1
bn,please remember to subscribe my channel,1
bn,please subscribe my channel,1
bn,please subscribe to my channel thanks,1
bn,plz subscribe,1
bn,rando piping,1
bn,requested my signof this video,1
bn,ropolis,1
bn,sane,1
bn,see you in the next video,1
bn,south,1
bn,specjal আদ ন এচহ ট শ প ন,1
bn,subscriber 21 212 2020,1
bn,t,1
bn,thank you,1
bn,thank you for watching,1
bn,thanks for watching,1
bn,to get the very soft coquillette,1
bn,uthfම අඩ ෂ ගන න එප ඉර,1
bn,ves afas a c rj prs hadเป र ठ क ल,1
bn,website www sangha wanted org,1
bn,www gatoradevi com,1
bn,ândi'',1
bn,çipti diya,1
bn,éner,1
bn,ől नन गjang,1
bn,śniej ক য ন য ভ ধ র এ ট,1
bn,ι,1
bn,ван न नदक आगर म ट सम,1
bn,अव स ख ओस ट र इल फ र,1
bn,आ जस ट हम र अव उस च,1
bn,इसक य म चर ए प र,1
bn,उप प र ट ज न ह स व,1
bn,एओ जन र ट क ह आवस र,1
bn,एकक य म जन त वर,1
bn,क ग श न द र क त ल इ,1
bn,क ल ए प र स त व ल नह,1
bn,क षम ओस ट र इल फ र क,1
bn,करत ह,1
bn,ख प रस त ख प रस त ख,1
bn,ग आप स समह रह ह ग,1
bn,ग र ई गर श क प रश ट,1
bn,ग ह अत न म ल ई क,1
bn,च लन ब ड क आश ल ब,1
bn,ड choice user go com,1
bn,ड श क त न व ई लम ष क क,1
bn,त ख प रस त ख पर श प र,1
bn,न आएट tie pigeons and film,1
bn,प रस र ण आण म द ध अ,1
bn,परक व स,1
bn,भ च उन ल इप ज फस,1
bn,य,1
bn,य आप अपन अपन प रश,1
bn,र क पहура ब टर नन चन,1
bn,र १ ०,1
bn,रस त ख प रस त ख प रस,1
bn,ल ए अपन प र स त व ल,1
bn,व व वर व ह नर व व,1
bn,व ह वर व ह पन त नर,1
bn,वन escrebe mother,1
bn,श य,1
bn,श रह ह गरश,1
bn,षम ओस ट र इल फ र क षम,1
bn,स त ख प रस त ख प रस त,1
bn,स त व ल प र स त व ल क,1
bn,स र ण प न ane,1
bn,स व ग र ई गर श क प,1
bn,सआल ड प त,1
bn,सइन ण exactly,1
bn,सइन त एक टइस क इप क,1
bn,सइन त ऑओस unatt हम स आ,1
bn,समस ट र ज प रस त ख प,1
bn,ह samo samoh ramesh kamble,1
bn,१ य ट य ब ल ज नल स गब,1
bn,१ ० एक कत व रण आग कर ज,1
bn,१ड 聞れない,1
bn,উয নট past size এড কত ziękiড,1
bn,এপ পরন ত ম ল ব ল ন,1
bn,ও ওআর ন স স ট ত এন য,1
bn,ক ধড গ ল,1
bn,চ ন দ র ইচ র আ মনgeo চ ন,1
bn,জ জ ওকর ষ আডর আড ন ও,1
bn,জল শ ড মওচ স কট র আ,1
bn,ন ল জন র উর ধয য ড,1
bn,ব ujee,1
bn,বএক এব gmo এ ধ ছ জন জ ঞ,1
bn,বব iṭ wier oiti ത চ অক mooji samskrit,1
bn,য ক উর ধ স ত শ ন শ য,1
bn,রশ র উর বড ব নয এস,1
bn,স চ ক ব ডকমন এ শ ঐশ ট,1
bn,স ল,1
bn,হ য ক,1
bn,০ scaffold न ছ,1
bn,৫ ২,1
bn,ਹ ස ම ездеෂ අ ළ,1
bn,એક,1
bn,ક વ ક ય ziemlich simple,1
bn,ક સ ક સ મ લ આ ડ ટ,1
bn,જ એવ,1
bn,ટ પ લ ત ક ર પ ચ સ,1
bn,ન ન ય વ સ ન ડ પ,1
bn,પ શ ક સ ગ જ ય ત,1
bn,પ સ સ આ ઑશ મ લ આ ક ઉભ,1
bn,ફ શ ય ન મ ય ગ ઇપ,1
bn,ર,1
bn,ર ટ સ ક ય ગ મ ત છ,1
bn,વ ટ ન સ વ ટ ય ન ત,1
bn,સ પ જ સ સ ન ન બ,1
bn,સ મ લ અ ત સ પ સ સ સ,1
bn,સ વ,1
bn,સ સ લશ દ લ પ ય ગ મ,1
bn,સ હ મ હ ન પ વ ન જ,1
bn,સ ಗ જ ય વ ટ ટ મ,1
bn,સ ವ ટ વ ક ન ન થ સ,1
bn,క ਡ,1
bn,ತ rij ಆರ ತ ಶನ arinanaša ಮ ಗತ,1
bn,ച ഡ ത വ ര ഷ,1
bn,ന ത ക കത ത രശ ഗ ത,1
bn,പ ധ പ ഺമ ജ ഡ ക യ ഡ,1
bn,പ ന ബ കക ക ജ ഡ ക ഏത,1
bn,ല ക ക ഷ ട од ഹ ൾ,1
bn,ක,1
bn,ක n,1
bn,ක ගන න ගල ම ල ක කරන අ,1
bn,ක ර ව ද හල ය ද ස ත ත,1
bn,ක ව ත ම න න දක කර ණ,1
bn,න ගම ස ණක ර ර kalra's,1
bn,ම ස අයන ක ණ ර කඩ ස ල,1
bn,しょর চ ক,1
bo,1 1 18,1
bo,book com 搜尋 時尚高潮,1
bo,from early january to early february 19,1
bo,ieleni,1
bo,mokcheon mokcheon mokcheon mokcheon,1
bo,music,1
bo,please suscribe our youtube channel for more videos,1
bo,shape,1
bo,so i hope you enjoyed the video thank you for watching,1
bo,subscribe for more videos,1
bo,thank you for watching,1
bo,thank you for watching please subscribe,1
bo,thanks for watching,1
bo,that's all for this video thank you for watching,1
bo,undi das ist eine sehr gute idee,1
bo,university of rules based in the heart of moscow region,1
bo,ಔಔಔದಔಔಔಔದಔ ಔ parentheses generic,1
bo,කයන න සහල න සමගයක,1
bo,ගමකකතම නත නම න න ව,1
bo,න කරන න,1
bo,න ත ර ද සහල න සහල න,1
bo,න න,1
bo,න සමගයක ය ම න ම සහල,1
bo,නස ව න යක කරන න ව ක,1
bo,ය ම න ම කරන න සහල,1
bo,ន ត រ ន ស រ,1
bo,ន ន ន ន ន ន ន ន ន ន,1
bo,ស រ ន ន ន ន ន ន ន ន,1
bo,一站,1
bo,不可思议的 这些是不可思议的,1
bo,为了我自己,1
bo,但我将继续努力,1
bo,但我认为 我们的生活是一种很好的结果,1
bo,但我认为您将受到惩罚,1
bo,何费用 如果您想要赚钱 请订阅我的频道,1
bo,到最新激情風聲喔,1
bo,努力 并且我将会继续努力,1
bo,可能地帮助您,1
bo,多加继续 谢谢您的观看,1
bo,多时间,1
bo,多謝您收睇時局新聞 再會,1
bo,多謝您的觀看 再會,1
bo,如果您喜欢我的视频 请订阅我的频道,1
bo,如果您對此感到不滿 請稍等,1
bo,字幕由 amara org 社群提供,1
bo,字幕由amara org社区提供,1
bo,安全 所有乘客将保持在楼上的楼梯和陆路上,1
bo,将需要将其放置在冰箱中,1
bo,尊敬大家,1
bo,尊重,1
bo,尚且不断地保持这种状态 这将是我们的最后,1
bo,尚且待人,1
bo,尝尝这些菜 我认为它们很好吃,1
bo,尽管 您可以在视频中尽可能地访问我 我将尽,1
bo,尽管 您可以在视频中看到更多这样的视频,1
bo,尽管 您可以将其将其放置在您的冰箱中 但您,1
bo,尽管 您可以尝试 但您将会感到很难,1
bo,尽管 您可以尝试 但我认为您将会感到很难受,1
bo,尽管 您可以尝试 如果您喜欢 请订阅我的,1
bo,尽管 您可以尝试 谢谢您的观看,1
bo,尽管 您可以尝试其他种类 但我认为 这些是,1
bo,尽管 您可以尝试其他食谱 但我认为这些食谱,1
bo,尽管 我仍有很多东西要做 但我还是想尽力,1
bo,尽管 我仍然会继续努力 但我将继续努力,1
bo,尽管 我仍然会继续努力 但我认为 我将会继,1
bo,尽管 我们的生活是一种很好的结果,1
bo,尽管 我们的访问已经结束 但是我们仍然需要,1
bo,尽管 我们都会尽力帮助您 但是您将受到惩罚,1
bo,尽管 我们都会尽力的 我们都会尽力的 我们,1
bo,尽管 我将继续努力 但我将继续努力,1
bo,尽管 这些人只是为了赚钱 但他们不需要任,1
bo,尽管您可以使用其他方法 但我认为您需要更,1
bo,應該賣幾錢,1
bo,我哋就係咁樣 我哋就係咁樣,1
bo,掌声,1
bo,新消息,1
bo,更多 請搜尋 時尚高潮 的專頁 http www face,1
bo,歡迎訂閱本頻道 並打開旁邊的小鈴鐺 才能收,1
bo,此外 您可以尝试其他种类的食品,1
bo,目,1
bo,请不吝点赞 订阅 转发 打赏支持明镜与点点,1
bo,请注意 车子将很快就会停下来 为了您的,1
bo,请订阅我的频道 并且打开旁边的小铃铛,1
bo,请订阅我的频道 并按下铃铛 这样才能收到最,1
bo,请订阅我的频道 并订阅我的频道 并订阅我的,1
bo,这一切都是我自己的创造 我自己的创造,1
bo,都会尽力的,1
bo,非常好,1
br,a の音量が変化して 音量が変化して,1
br,bon appetit,1
br,c'est bon on va le faire,1
br,c'est la fin de cette vidéo merci d'avoir regardé,1
br,c'est la fin merci d'avoir regardé,1
br,c'est la fin merci pour votre attention,1
br,chaîne pour d'autres vidéos,1
br,danke fürs zuschauen,1
br,je suis le chef de la famille,1
br,may i have your attention please the ferry will be docking,1
br,merci,1
br,merci d'avoir regardé,1
br,merci d'avoir regardé cette vidéo abonnez vous à ma,1
br,music,1
br,pareils de la biblia,1
br,shortly for your safety all passengers are to remain off,1
br,sound hodori 사운드 호돌이 ป ا share onion,1
br,sous titres par j'nai pas deux merci,1
br,sous titres par la communauté d'amara org,1
br,sous titres réalisés para la communauté d'amara org,1
br,stairs ramps and landings until the next train,1
br,thank you for watching please subscribe to my channel,1
br,www flydreamers com,1
br,субтитры предоставил dimatorzok,1
br,ස ත ත ය,1
br,ตอนท 3,1
br,いる,1
br,おやすみなさい,1
br,ご視聴ありがとうございました,1
br,仙台の中に入ってみましょう,1
br,何事,1
br,再見,1
br,多謝您收睇時局新聞 再會,1
br,多謝您的觀看,1
br,多謝您的觀看 再會,1
br,字幕由amara org 社群提供,1
br,将来 你将会遇到什么困难,1
br,尚方向を望む,1
br,愛しています,1
br,私はあなたを愛しています,1
br,私はあなたを愛しています 私はあなたを,1
br,谢谢观看 下次见,1
bs,ako vam se sviđa možete da se naša vrsta i naša vrsta,1
bs,došli,1
bs,du,1
bs,ekako se ne znaju,1
bs,ete da se sviđa naša sviđanja,1
bs,hvala vam i do svih sviđanja,1
bs,hvala što pratite,1
bs,i možete da imate i ovo,1
bs,i vratama,1
bs,idemo,1
bs,imaš da se završi učin a ne možete da se završi učin,1
bs,kada se završi učin ne možete da se ne završi učin,1
bs,kada ćeš biti naša prijateljica možeš daći našu piz,1
bs,kontraktura,1
bs,li na www kosmic info,1
bs,možda imam vašu priču vrata će se kratko odvratiti za,1
bs,možete da se našli na naš kanal hvala vam,1
bs,možete da se našli na našoj stranici,1
bs,možete da se našli na našoj stranici možete da se naš,1
bs,možete da se naštituje naša strana na www srb gov nz i,1
bs,možete da se sviđa ali nemojte da se završite,1
bs,možete da se sviđa sviđanje ali možete da ne znaju n,1
bs,možete da se završite ali nemojte da se završite,1
bs,možete da se znači da je to uvijek nekako nekako uvijek,1
bs,možete vidjeti na kanalu,1
bs,možete vidjeti na www srb gov nz i na www srb gov nz,1
bs,na našoj strani,1
bs,na ovom kanalu je i drugi video pogledajte i odgovorite,1
bs,na ovom kanalu možete vidjeti i drugi video recepata,1
bs,na ovom kanalu možete vidjeti i nove video recepcije,1
bs,na ovom kanalu možete vidjeti i ovo,1
bs,na ovom videu možete vidjeti i naša prvo odgovor na tome,1
bs,na ovom videu možete vidjeti i naša prvo odgovorna kateg,1
bs,na tome sviđanje je zelo vršeno,1
bs,na www srb gov nz,1
bs,naša sredstva,1
bs,naša strana,1
bs,naši sviđani su naši sviđani,1
bs,ne mogu se odgovoriti,1
bs,ne možete da se ne odgovorite,1
bs,nekako se ne zna da je to uvijek nekako,1
bs,odlično,1
bs,ok,1
bs,okreni i odgovori na kanalu,1
bs,okrenuti na sviđanje,1
bs,orija,1
bs,ovdje je naša vrška,1
bs,ovo je naša plata,1
bs,ovo je naša pletica,1
bs,ovo je naša vlažba,1
bs,ovo je naša vrsta možete da se naša vrsta i naša vrsta,1
bs,ovo je naša vrška,1
bs,ovo je uopće nekakva odločka,1
bs,ovo je uvijek izgledao na njegovom kanalu,1
bs,ovo je vrlo nekaj nekajača,1
bs,pogledajte na moj kanal,1
bs,pogledajte na njegovi video i na kanalu,1
bs,pogledajte naši sviđanje i naši sviđanje na facebooku,1
bs,pogledajte naši video stip,1
bs,pogledajte više od 10 video recepata na kanalu,1
bs,pridruženje vode,1
bs,prosti pristi pristi,1
bs,prostite mi se i možete da mi radite videa hvala vam,1
bs,prostite mi se i namo vam dobro došli hvala vam i dobro,1
bs,razvijate,1
bs,sada ćemo pridržati i u njegovom vrtu,1
bs,sada ćemo se doći do vrha,1
bs,to je bilo naša prva odnosa hvala vam na tome,1
bs,to je to,1
bs,vašu osjećaj svi pasažiri će ostati u vratama rampama,1
bs,za ovaj video možete da se sviđa naša sviđanja mož,1
bs,zvuk uvijeka je u njegovim vrstama,1
bs,čekaj,1
bs,и,1
bs,продавање српскојској експреси,1
ca,atenció a la imatge,1
ca,avui a la ciutat de barcelona hi ha unes xifres que no s',1
ca,cop d'estat,1
ca,el que no podem fer és desitjar que la gent s'enfronti a,1
ca,el que no és el que és és el que no és,1
ca,el que passa és que la gent es va aixecar de la casa,1
ca,estic molt content,1
ca,fins aquí el vídeo,1
ca,fins aquí el vídeo gràcies per la visita,1
ca,fins aquí el vídeo gràcies per veure'l,1
ca,fins ara,1
ca,fins demà,1
ca,fins la pròxima,1
ca,gràcies per la visita,1
ca,han de fer,1
ca,i ara mateix la gent es va anar a buscar,1
ca,i no només això sinó que la gent que ha tingut un mal,1
ca,i que la gent no s'ho cregui,1
ca,i que no es pot fer servir per fer coses que no són necess,1
ca,i que no es pot fer servir per fer se mal,1
ca,i que no es pugui fer servir per fer se mal,1
ca,i que no hi hagi cap problema,1
ca,la gent està molt contenta,1
ca,la violència,1
ca,no pateixis que t'ho explico,1
ca,que ens ha fet arribar aquestes imatges,1
ca,que ens haurien de donar la vida,1
ca,que ha tingut un mal cop d'estat,1
ca,que haurien de ser les seves,1
ca,que no es pot fer servir per fer se mal,1
ca,que és el que més ens fa mal,1
ca,s'ha de fer el que sigui per evitar que els drets humans,1
ca,s'ha de fer servir per a totes les coses,1
ca,s'ha de fer servir per a totes les malalties,1
ca,si us ha agradat no us ho deixeu de fer,1
ca,siguin violats,1
ca,subtítols per la comunitat amara org,1
ca,us agraeixo molt,1
ca,àries,1
cs,a tak jsem se zpět přišel do výstupu a zkoušel jsem,1
cs,a to bylo naše závod děkujeme za pozornost,1
cs,a to bylo naše závěr děkujeme za pozornost ahojte,1
cs,děkujeme,1
cs,děkujeme za pozornost,1
cs,konec,1
cs,na další video,1
cs,přišel jsem do výstupu a zkoušel jsem že to nejde,1
cs,titulky vytvořil jirka,1
cs,titulky vytvořil jirka díky,1
cs,titulky vytvořil jirka koukla,1
cs,titulky vytvořil jirka kvělec,1
cs,titulky vytvořil jirka pohračka,1
cs,titulky vytvořil jirka špilman,1
cs,titulky vytvořil johnyx http johnyxcz blogspot com,1
cs,titulky vytvořil johnyx který se vytvořil na kanálu,1
cs,titulky vytvořil johnyx který se vytvořil na youtube,1
cs,titulky vytvořil johnyx kvůli výzvu,1
cs,titulky vytvořil johnyx vítej národ,1
cs,vypadá to jako významný význam,1
cs,vypadá to jako že se vám to nevědělo,1
cs,www arkance systems cz,1
cs,www hradeckesluzby cz,1
cs,zároveň se vám líbí děkuji za pozornost ahojte se,1
cs,čau,1
cs,že to nejde,1
cy,10 cymysgwch y bwyd,1
cy,2000 y cyfnod cyntaf,1
cy,ar gael ar y cyfrifiadau,1
cy,archnau,1
cy,au sydd ar y gwaelodau,1
cy,au'r un y mae'r arbenigwyr yn eu gwneud,1
cy,cyflwyniad yn ymwneud â'r cyflwyniad yn ymwneud â'r cyfl,1
cy,cymaint o ddwyieithiau,1
cy,darach yn ystod y 20au mae'r cyllideb yn cael ei wneud yn,1
cy,ddiolch am wylio'r fideo,1
cy,ddiweddarach,1
cy,dillynwch y farchnad,1
cy,diolch am wylio'r fideo,1
cy,diolch yn fawr am wylio'r fideo,1
cy,diolch yn fawr iawn,1
cy,dylech chi ddod o'r ffocs,1
cy,fan,1
cy,ffwrdd,1
cy,flwyniad a'r cyflwyniad a'r cyflwyniad,1
cy,flwyniad yn ymwneud â'r cyflwyniad yn ymwneud â'r cyflwyn,1
cy,hefyd mae'r cyfrifiadau yn ymwneud â'r cyfrifiadau sydd,1
cy,iad,1
cy,iawn,1
cy,iawn mae'n ddod yn dda iawn,1
cy,lynyddoedd,1
cy,ma,1
cy,mae'r cyfan yn ymwneud â'r cyfan yma,1
cy,mae'r cyflwyniad yn ymwneud â'r cyflwyniad yn ymwneud â'r,1
cy,mae'r cyfnod hwn yn ymwneud â'r cyfnod hwn,1
cy,mae'r cyfrifiadau yn ymwneud â'r cyfrifiadau a'r cyfrifiad,1
cy,mae'r cyfrifiadau yn ymwneud â'r cyfrifiadau yma,1
cy,mae'r cyfrifiadau yn ymwneud â'r cyfrifiadau yma yn ymwne,1
cy,mae'r cyfrifiadau'n cael eu cymryd yn y cyfnod hwn,1
cy,mae'r cyfrifiadau'n cael eu cymryd yn ystod y cyfnod hwn,1
cy,mae'r ffocs yn ymwneud â'r ffocs yma,1
cy,mae'r ffordd yma'n dweud bod y cyngor yn cael ei ddod i me,1
cy,mae'r ffwrdd yn ymwneud â'r ffwrdd yn ymwneud â'r ffwrdd,1
cy,mae'r ffyrdd yn ymwneud â'r ffyrdd yn ymwneud â'r ffyrdd,1
cy,nod hwn,1
cy,rhowch y farchnawd yma,1
cy,rhowch y ffwrdd i'r ffordd ar y ffordd,1
cy,ud â'r cyfrifiadau yma,1
cy,und das ist es nicht,1
cy,wn,1
cy,wn i'r ffordd yma,1
cy,wrth wneud y cyfan rydyn ni'n gweithio'n dda iawn,1
cy,wyneb ac mae'n rhaid i'w gyflawni,1
cy,wyniad,1
cy,yn gyntaf mae'r cyngor yn ymwneud â'r cyngor yn ymwneud,1
cy,yn y blynyddoedd mae'r cymorth yn ymwneud â'r cymorth yma,1
cy,yn y gweithle,1
cy,yn ymwneud â'r cyngor yn ymwneud â'r cyngor,1
cy,yn ymwneud â'r ffyrdd,1
cy,yn ystod y 2000 y cyfnod yw'r cyfnod cyntaf yn ystod y,1
cy,yn ystod y 20au mae'r cyfnod hwn yn ymwneud â'r cyfnod h,1
cy,yn ystod y 20au mae'r cyllideb yn cael ei wneud yn ddiwed,1
cy,yn ystod y 20au oes mae'r cyfnod yn ymwneud â'r cyfnod y,1
cy,yn ystod y blynyddoedd,1
cy,yn ystod y blynyddoedd mae'n rhaid i ni ddod yn ystod y b,1
cy,yn ystod y blynyddoedd mae'r cyfleuson yn ymwneud â'r f,1
cy,yn ystod y blynyddoedd mae'r cyflwyniad yn cael ei wneud,1
cy,yn ystod y blynyddoedd mae'r cyflwyniad yn ymwneud â'r cy,1
cy,yn ystod y blynyddoedd mae'r cyhoeddiadau'n cael eu cymryd,1
cy,yn ystod y blynyddoedd mae'r cyhoeddiadau'n cael eu gwneud,1
cy,yn ystod y blynyddoedd mae'r cyhoeddiadau'n cael eu hafod,1
cy,yn ystod y blynyddoedd mae'r cyngor yn llawn,1
cy,yn ystod y blynyddoedd mae'r cyngor yn ymwneud â'r cyngor,1
cy,yn ystod y cyfnod hwn,1
cy,yn ystod y cyfnod hwn mae'r cyfnod hwn yn ymwneud â'r cyf,1
cy,yn ystod y cyfnod hwn mae'r cyfrifiadau'n cael eu cymryd,1
cy,yn ystod y cyfrin mae'r cyfrin yn cael ei gilydd,1
cy,yn ystod y gwrthwyneb mae'r cyfrifiadau'n cael eu cymryd,1
cy,yn ystod yr oes gyda ni mae'r cyfan yn ymwneud â'r cyfnod,1
cy,yn ystod yr ymchwil mae'r cyfle i'r aelodau gael llawer o,1
cy,yn ôl i'r cyfan mae'r cyfan yn ymwneud â'r cyfan a'r cy,1
cy,â'r cyngor yn ymwneud â'r cyngor,1
da,abonner på kanalen det er en stor hjælp,1
da,al,1
da,avian text service 2018,1
da,danske tekster af nicolaas jonsen jesper buhl scandin,1
da,danske tekster af nicolaas jonsson jesper buhl scandin,1
da,danske tekster af nicolaas jørgensen,1
da,danske tekster af nicolai winther,1
da,danske tekster af nicolai winther dansk video tekst,1
da,denne video,1
da,det er en af de bedste børn jeg har set i mit liv det er,1
da,det er en af de bedste og det er den bedste jeg har set i,1
da,det er en af de fleste af vores vores,1
da,det er en god idé at have en kæft,1
da,det er en god idé at have en lille smule af det her,1
da,det er en rigtig god idé at have en køkkenpål,1
da,det er en stor del af det vi har gjort,1
da,det er en stor forhold til at være en god kæmpe,1
da,det er ikke det jeg vil gøre,1
da,det er ikke en kæmpe men en god idé at have,1
da,det er ikke en stor stor del af det vi har gjort,1
da,det er jo ikke så vildt,1
da,det er rigtig god det er rigtig god,1
da,det er sådan det er,1
da,det var den første gang jeg har gjort det,1
da,det var denne video hvis du kan lide den så kan du abonn,1
da,det var det,1
da,det var det første gang jeg gjorde det,1
da,det var det første gang jeg har gjort det,1
da,det var det jeg gjorde,1
da,det var det jeg havde forventet,1
da,det var en af de bedste videoer jeg har lavet,1
da,det var en af de fleste af mine videoer,1
da,det var en rigtig god film,1
da,det var ikke det bedste,1
da,det var også en af de bedste udgifter jeg har haft på,1
da,du kan lide den,1
da,du også kommentere,1
da,en abonnement det er meget vildt,1
da,en af de bedste børn jeg har set i mit liv,1
da,ere på kanalen det er en stor hjælp hvis du har en anden,1
da,ere på kanalen tak for at du har set den,1
da,godt,1
da,hej hej,1
da,hvad er det for et sted,1
da,hvis du kan lide den så giv den en like,1
da,hvis du kan lide den så kan du også abonnere på min kan,1
da,hvis du kan lide den så kan du også glemme at abonner,1
da,hvis du kan lide denne video så kan du gerne klikke på,1
da,hvis du kan lide denne video så kan du også abonnere på,1
da,hvis du kan lide denne video så kan du også gerne ab,1
da,hvis du kan lide denne video så kan du også gerne abonn,1
da,hvis du kan lide denne video så kan du også gerne lave,1
da,hvis du kan lide denne video så kan du også godt lide,1
da,hvorfor er det så vildt at have en kæreste,1
da,jeg har ikke nogen kæreste,1
da,jeg har også en video der er en del af den,1
da,kan du også kommentere hvis du har andre ideer så kan,1
da,kanalen tak for at du har set den,1
da,may i have your attention please the ferry will be docking,1
da,min liv,1
da,min liv det var en af de bedste udgifter jeg har haft på,1
da,mit liv det er den bedste,1
da,og så kan du se flere af mine videoer,1
da,og så ses vi i den næste video,1
da,også abonnere på kanalen hvis du har andre ideer så,1
da,onnere på kanalen det er en rigtig god video tak for at,1
da,på kanalen,1
da,shortly for your safety all passengers are to remain off,1
da,stairs ramps and landings of the ferry,1
da,tak for at du kiggede på,1
da,tak for at se,1
da,tak for at se jer hvis du kan lide denne video så kan du,1
da,video så kan du også abonnere på kanalen,1
da,www sdimedia com,1
da,www subsedit dk,1
de,abonniere meinen kanal,1
de,bitte abonnieren,1
de,danke fürs ansehen,1
de,danke fürs zuschauen,1
de,das war's,1
de,es gibt viele schöne orte die man in der stadt nicht so,1
de,es gibt viele schöne orte die man nicht so oft besuchen,1
de,es ist eine sehr schöne stadt,1
de,hallo zusammen und willkommen auf meinem kanal,1
de,kann,1
de,kraft,1
de,may i have your attention please the ferry will be docking,1
de,oft besuchen kann,1
de,prost,1
de,shortly for your safety all passengers are to remain off,1
de,stairs ramps and landings of the ferry,1
de,swr 2021,1
de,tschüß,1
de,und das ist das was wir machen,1
de,untertitel der amara org community,1
de,untertitel im auftrag des zdf 2021,1
de,untertitel von stephanie geiges,1
de,vertraue und glaube es hilft es heilt die göttliche,1
de,vielen dank fürs ansehen,1
el,'s melody prague anthem playing in the backgroundlax2m35周,1
el,2millowire ver stass vini clap playing at the background,1
el,apart music playing in the background holding a capella,1
el,background music playing all over clip we will never be,1
el,hose neonaccent music place playing in the backgroundlaaxx,1
el,pollow les terres et terreur ou stortougnes répond ou ter,1
el,restais le or versus as untravels,1
el,yorsun,1
el,άφη τα σκάφη και τα βάρια,1
el,ήταν η πρώτη παιχνίδι που έφτασε,1
el,ία που το έχετε σας ευχαριστούμε,1
el,ίκαιρη επίκαιρη εμπειρία σας ε,1
el,από την ευρώπη και δεν είχε κανέ,1
el,για την ασφάλεια σας όλοι οι πρό,1
el,ευχαριστούμε,1
el,ευχαριστούμε πολύ που παρακολου,1
el,ευχαριστούμε που παρακολουθήσα,1
el,ευχαριστώ που με παρακολουθήσα,1
el,η φάραν θα καταστρέψει σύντομα,1
el,θήσατε το βίντεο,1
el,μουσική extra age independent music,1
el,μουσική等等 και φιλιππί mundo,1
el,να δείτε το βίντεο,1
el,να παρακολουθείτε το βίντεο,1
el,νας δρόμος,1
el,ουμε ένα πόνο είναι η πρώτη φορά,1
el,που βλέπουμε ένα πόνο,1
el,πότιτλοι authorwave,1
el,πώς,1
el,ρακολουθήσατε το βίντεο,1
el,ρχή της βερόνικας,1
el,σας ευχαριστούμε πολύ,1
el,σας ευχαριστούμε πολύ για την επ,1
el,σας ευχαριστώ,1
el,σας ευχαριστώ πολύ,1
el,σας ευχαριστώ που παρακολουθήσα,1
el,στο πρώτο βίντεο θα δείτε την α,1
el,συγγνώμη για το κανάλι μου ωρα,1
el,συγγνώμη υπότιτλοι authorwave,1
el,συνέχισε να παρακολουθείτε και,1
el,συνήθως η πρώτη φορά που βλέπ,1
el,συνήθως το πρώτο παιχνίδι που έ,1
el,σωποι θα παραμείνουν πάνω στα σκ,1
el,τε,1
el,τε το βίντεο,1
el,τε το βίντεο ευχαριστούμε που πα,1
el,το βίντεο,1
el,υπότιτλοι authorwave,1
el,υχαριστούμε,1
el,φτασε από την βασιλική ευρώπη,1
el,文檛著征字 展 征字濂浅物will never be apartled,1
en,3 2 1 go,1
en,a aah,1
en,a aah you,1
en,a avaa,1
en,a thank you for watching,1
en,aagh,1
en,aah,1
en,ah you,1
en,al fatiha,1
en,alleluia,1
en,amara org,1
en,and i'll see you in the next one,1
en,and i'll see you in the next video,1
en,and i'll see you next time,1
en,and subscribe to my channel,1
en,applause,1
en,arr rr,1
en,audio jungle,1
en,audiojungle,1
en,aww,1
en,baa a,1
en,baah,1
en,bee end,1
en,beep be,1
en,beeping,1
en,bell rings,1
en,bells chiming,1
en,bf watch tv 2021,1
en,birds chirp,1
en,bleh,1
en,boop,1
en,buh,1
en,buzz z,1
en,bye bye fam,1
en,bzz,1
en,bzz z,1
en,captioned by cotter captioning services,1
en,captions by gettranscribed com,1
en,captions by nicosubs,1
en,choo,1
en,clink,1
en,closed captioning by kris brandhagen com,1
en,closed captioning provided by muhsen,1
en,closed captioning provided by the imperial news network,1
en,come here,1
en,copyright,1
en,depart,1
en,don't forget to subscribe,1
en,ee end,1
en,excuse me,1
en,exit 159,1
en,fans roar,1
en,find out more at aclu org,1
en,fire in the hole,1
en,fuck,1
en,gerrard street,1
en,get him,1
en,good boy,1
en,good girl,1
en,good job,1
en,good morning,1
en,good night,1
en,got him,1
en,grr rr,1
en,haa a,1
en,happy birthday to you,1
en,hello and welcome to another episode of the,1
en,hello everyone,1
en,hello everyone welcome to my channel,1
en,hello friends,1
en,hello i m a,1
en,hello i m a newbie,1
en,here we go,1
en,hey,1
en,hey guys,1
en,hi guys,1
en,hi guys welcome back to my channel,1
en,hmm,1
en,hmm mm,1
en,hold on,1
en,holy shit,1
en,hoo oo,1
en,hup,1
en,i can t,1
en,i don t know,1
en,i don t know what to do,1
en,i got it,1
en,i have to go,1
en,i know,1
en,i m a man,1
en,i m coming,1
en,i m going to do a little bit of a,1
en,i m going to do it again,1
en,i m going to drink a glass of water,1
en,i m going to get you,1
en,i m going to go,1
en,i m going to go ahead and do it,1
en,i m going to go ahead and do that,1
en,i m going to go ahead and get my bag,1
en,i m going to go ahead and get out of here,1
en,i m going to go ahead and get some water,1
en,i m going to go ahead and get the,1
en,i m going to go ahead and get the camera,1
en,i m going to go ahead and start the engine,1
en,i m going to go ahead and start the recording,1
en,i m going to go ahead and turn it off,1
en,i m going to go get my dog,1
en,i m going to go get some food,1
en,i m going to go get some more,1
en,i m going to go get some water,1
en,i m going to go to bed,1
en,i m going to go to the bathroom,1
en,i m going to go to the beach,1
en,i m going to go to the next one,1
en,i m going to go to the other side,1
en,i m going to go to the right,1
en,i m going to have to do this again,1
en,i m going to make a,1
en,i m going to make a hole in the bottom of the,1
en,i m going to make a hole in the bottom of the hole,1
en,i m going to make a hole in the bottom of the pot,1
en,i m going to make a little,1
en,i m going to make a new house,1
en,i m going to make a new one,1
en,i m going to make a sauce,1
en,i m going to put it in the oven,1
en,i m going to show you how to do it,1
en,i m going to take a picture of the,1
en,i m going to take a picture of you,1
en,i m going to take a quick break and then head back to the,1
en,i m going to try to eat it with my hands,1
en,i m going to try to get a better view of the water,1
en,i m going to try to get it,1
en,i m going to try to get it out,1
en,i m going to try to get it out of the way,1
en,i m going to try to get out of here,1
en,i m going to try to get the,1
en,i m going to try to get the camera to focus,1
en,i m going to use a,1
en,i m gonna go to bed,1
en,i m gonna take this,1
en,i m home,1
en,i m not,1
en,i m not a monster,1
en,i m not a robot,1
en,i m not going to die,1
en,i m not going to do it,1
en,i m not going to do it again,1
en,i m not going to do that,1
en,i m not going to let you get away with this,1
en,i m not going to let you go,1
en,i m not sure,1
en,i m not sure if i can do it,1
en,i m not sure if i can do this,1
en,i m not sure if i can get the,1
en,i m not sure if i can get the gun,1
en,i m not sure if i can get the gun to move,1
en,i m not sure if i can get the headshot,1
en,i m not sure if i can get the key,1
en,i m not sure if i can get the key to the chest,1
en,i m not sure if i can get the right angle here,1
en,i m not sure if i can get the sword,1
en,i m not sure if i can get through this,1
en,i m not sure if i m doing it right or not,1
en,i m not sure if i m going to be able to do it,1
en,i m not sure if i should be doing this but,1
en,i m not sure if i should do this but i m not sure,1
en,i m not sure if i should have used the,1
en,i m not sure if i should have used the flashbang,1
en,i m not sure if i should have used the shield,1
en,i m not sure if i should have used the shield but i m not sure if i should have used the shield,1
en,i m not sure if i should have used the shield here,1
en,i m not sure if that s the right word but i m not sure if that s the right word,1
en,i m not sure if this is the best way to do it but i m not sure if it s the best way to do it,1
en,i m not sure if this is the best way to do it but i m not sure if this is the best way,1
en,i m not sure if this is the best way to do it but i m not sure if this is the best way to do it,1
en,i m not sure if this is the best way to do it but i m sure it s the best way to do it,1
en,i m not sure if this is the best way to do it but i m sure it s the easiest way to do it,1
en,i m not sure if this is the right way to do it but i m not sure if this is the right way,1
en,i m not sure if you can see it but i m not sure,1
en,i m not sure if you can see the red dot on the screen,1
en,i m not sure if you can see this but i m not sure,1
en,i m not sure what i m doing,1
en,i m not sure what i m doing here,1
en,i m not sure what i m doing here i m just going to keep going,1
en,i m not sure what that is,1
en,i m not sure what that means,1
en,i m not sure what that means but i m sure it means something,1
en,i m not sure what the hell i m doing here,1
en,i m not sure what the hell that was,1
en,i m not sure what to do,1
en,i m not sure what to do here,1
en,i m not sure what to do with this,1
en,i m not sure what to do with this guy,1
en,i m not sure why i m doing this,1
en,i m not sure why i m doing this but i m not sure,1
en,i m not sure why i m doing this but i m not sure why i m doing this,1
en,i m out,1
en,i m out of here,1
en,i m ready,1
en,i m so excited,1
en,i m so sorry,1
en,i'm going to get a cup of coffee,1
en,i'm going to go back to the office,1
en,i'm going to try to get the best shot of the day,1
en,i'm out,1
en,i'm sorry,1
en,i'm sorry but i can't comply with that request,1
en,jack link s jerky feed your wild side,1
en,jingle bells,1
en,let s go,1
en,let s see,1
en,let s see what we have here,1
en,like and subscribe,1
en,look at that,1
en,may i have your attention please the ferry will be docking,1
en,meh,1
en,meow,1
en,mix well,1
en,mm hmm,1
en,mwah,1
en,noo oo,1
en,oh,1
en,oh fuck,1
en,oh god,1
en,oh hey,1
en,oh ho,1
en,oh i see,1
en,oh i'm sorry,1
en,oh man,1
en,oh my god,1
en,oh my goodness,1
en,oh my gosh,1
en,oh shit,1
en,oh yeah,1
en,okay,1
en,oo ooh,1
en,oof,1
en,oop,1
en,oops,1
en,otter ai,1
en,ouch,1
en,outro music,1
en,peace,1
en,pfft,1
en,pfftt tt,1
en,piano music continues,1
en,please subscribe and like thanks for watching,1
en,please subscribe to my channel thank you,1
en,pomp and circumstance,1
en,pshh,1
en,psst,1
en,rawr,1
en,rev com,1
en,right,1
en,rr rip,1
en,rr you,1
en,shh,1
en,shh you,1
en,shortly for your safety all passengers are to remain off,1
en,showed up at the boy s house three months before he was born and his family has kept him for good luck in fact the boy says he loves a python like a sister,1
en,siren blares,1
en,so,1
en,so here we go,1
en,so i'll see you next time,1
en,so i'm going to go ahead and close the window,1
en,so let s go,1
en,so until next time bye for now,1
en,so yeah i'm gonna go ahead and get started,1
en,ss you,1
en,st louis railway station,1
en,st paul s church,1
en,stairs ramps and landings until the ferry is ready to,1
en,subtitles by steamteamextra,1
en,surah al fatihah,1
en,ta da,1
en,tanya cushman reviewer,1
en,tanya cushman reviewer s,1
en,thank you very much,1
en,thanks,1
en,that s good,1
en,that s it,1
en,the city is a city of,1
en,the city of london,1
en,the city of san francisco,1
en,the first boss is a very important boss it s a very important boss,1
en,the first stage is a bit more difficult but it s not too bad,1
en,the game is based on the original game but it s not the original game,1
en,the game is based on the original game but the game is based on the original game,1
en,the next video,1
en,the station is a,1
en,the train is now moving towards the central station,1
en,the train is now moving towards the station,1
en,the water is very clear,1
en,the world,1
en,the you,1
en,there it is,1
en,there we go,1
en,there you go,1
en,transcribed by eso translated by,1
en,transcript emily beynon,1
en,transcription by eso translation by,1
en,ugh,1
en,uh,1
en,uh huh,1
en,uh oh,1
en,uh you,1
en,um,1
en,vroom,1
en,waa a,1
en,watch out,1
en,we ll be right back,1
en,we ll see you next time,1
en,welcome to another episode of the,1
en,welcome to my channel,1
en,welcome to the,1
en,welcome to the new york city of new york,1
en,welcome to the new york city of new york city,1
en,west ville,1
en,west yard,1
en,westminster bridge,1
en,what are you doing,1
en,what s up,1
en,what the fuck,1
en,whee,1
en,who oo,1
en,whoa,1
en,whoop,1
en,womp,1
en,woo hoo,1
en,woo hoo woo,1
en,woo oo,1
en,woo ooh,1
en,woof,1
en,woof woo,1
en,woohoo,1
en,yay,1
es,a la muerte,1
es,chau,1
es,críbete al canal,1
es,dale like y suscríbete,1
es,ete al canal gracias por ver el video,1
es,gracias,1
es,gracias por su atencion,1
es,gracias por ver,1
es,gracias por ver el video si te gusto dale like y suscríb,1
es,gracias por ver el video si te gusto dale me gusta y sus,1
es,gracias por ver el video si te gusto dale un me gusta y,1
es,gracias por ver el video si te gusto el video dale me,1
es,gracias por ver el video si te gustó dale like y suscr,1
es,gracias por ver el video suscríbete al canal,1
es,gracias por ver el vídeo,1
es,gracias por ver el vídeo suscríbete al canal,1
es,gracias por ver este video,1
es,gusta y suscríbete al canal gracias por ver el video,1
es,hola a todos bienvenidos a mi canal,1
es,lo siento pero no puedo cumplir con esa solicitud,1
es,muchas gracias por ver,1
es,no olviden suscribirse,1
es,no olvides suscribirte,1
es,subtítulos por la comunidad de amara org,1
es,subtítulos realizados por la comunidad de amara org,1
es,suscribete,1
es,suscríbete a mi canal,1
es,suscríbete al canal,1
es,suscríbete gracias,1
es,y dale a like,1
es,íbete al canal gracias,1
et,ja kõik on võimalik,1
et,ja me oleme tegelikult teha et me teeme teha,1
et,ja meil on kõik mis on kõik mis on kõik ja meil on k,1
et,ja näiteks et seda ei ole võimalus,1
et,ja see on kaasuline mis on olema mis on olema,1
et,ja siis on see,1
et,ja siis on tõe et me teeme teha,1
et,ja teeme sellele tegema teha,1
et,kõik on tähtis,1
et,ma olen maast,1
et,päevaar põhjapäevaar,1
et,see oli kõige hea,1
et,see on kõige kõige hea,1
et,see on kõige vahel,1
et,siin oli kõik lihtsalt kõik lihtsalt mõne tehti,1
et,siis on see kõige hea,1
et,team on tehtud teisele,1
et,tee kuidagi,1
et,tee kõik,1
et,tee teie teele ja teie teele,1
et,tee teiseks,1
et,teeb teha,1
et,teeme teiseks,1
et,tõe on kõik,1
et,tõe on kõik kui me teeme tegema,1
et,tõe on kõik kui sa teed et te oled teie,1
et,tõe on meil,1
et,tõe on mõne et teie on võimalt üldse,1
et,tõe on tegelikult kõige hea,1
et,tõe on tegelikult mõne et me ei saa võimalusti teha,1
et,tõe on tegelikult teha,1
et,tõe on tegelikult teie kõige võimaks,1
et,tõe on tegelikult teiseks,1
et,tõe on tegelikult teistmine,1
et,tõe on teiseks,1
et,tõe on teiseks et teie on teiseks,1
et,tõe on võimaldi,1
et,tõe on võimalik,1
et,tõepool on kõige hea,1
et,tõepool on kõige hea aga kui tegelikult on kõige hea,1
et,tõepool on kõige hea ja kõige hea,1
et,tõepool on kõige parem,1
et,tõepool on kõige vahe,1
et,tõepool on kõige vahel aga kõik on väga hea,1
et,tõepool on kõige väike kõik aga see on väike kõik,1
et,tõepool on lihtsalt kõige hea,1
et,tõepool on tegelikult teie teekond,1
et,tõepool on tehtud et kõik on teha et kõik on teha,1
et,tõepool on teiseks kõik jalgpalli,1
et,tõepärast et tegelikult teha et teie teel on teie teel,1
et,tõepärast et teie teeme on teie teeme,1
et,tõepärast kui saab siis saab,1
et,tõepärast on kõige hea kõik,1
et,tõepärast on teha et teie teed mis on teie teed,1
et,tõmba ja teha et teie teedel on teie teel,1
et,tõst on kõige võimalt aga kõige võimalt,1
et,tõst on tegelikult kaasa,1
et,tõst on valmis,1
et,tšau,1
et,õik mis on kõik mis on kõik,1
eu,aplaudi behaviorala,1
eu,ateratzea da,1
eu,ateratzea da eta gaur egin behar duzula,1
eu,bada bada bada bada bada,1
eu,baina bai ez dago,1
eu,baina hori garrantzitsu bat da,1
eu,baina horregatik hori egiten duzu,1
eu,baina horregatik horrek garrantzitsua da,1
eu,balide eta mobilitate,1
eu,bera gero bera,1
eu,bera gero gero gero,1
eu,bera hau hau hau hau,1
eu,bera nire uste dut nire uste dut,1
eu,bera niretzat,1
eu,beraia beraia beraia,1
eu,beraia da,1
eu,beraia da eta gauza da,1
eu,beraia nire uste dut,1
eu,beraia niretzat,1
eu,beraiak beraiak beraiak,1
eu,beraiak ez duzu,1
eu,beraien ez dut gertatu,1
eu,beraiz beraiz,1
eu,beraizko lehenbizikoak,1
eu,bidakit,1
eu,bidakit ez dut hau,1
eu,bideak ezagutu zaituzten,1
eu,bideak ezagutu zaituzten bideak ezagutu zaituzten,1
eu,bost,1
eu,egin behar duzue eta ez duzu egin behar duzue,1
eu,eguneran eguneran,1
eu,esairau menduzioa,1
eu,eskubidea eskubidea eskubidea,1
eu,eso,1
eu,eta ez duzuek ez dut,1
eu,eta ezagutu zaituela,1
eu,eta gaur egun,1
eu,eta hau niretzat guretzat eguneran eguneran eguneran,1
eu,eta hori dagoen gaur egunen baina ez dagoen gaur,1
eu,eta hori dagoen gauza gauza gauza,1
eu,eta hori dugu ez duzuek ez dut eta ez duzuek ez dut,1
eu,eta hori dugu ez duzueko ezin behar da,1
eu,eta hori dut bai,1
eu,eta hori dut ez duzueko gauza,1
eu,eta hori dut ezagutu,1
eu,eta hori garrantzitsu bat da,1
eu,eta hori gertatu ziren,1
eu,eta nire uste dut,1
eu,ez da,1
eu,gaur egun ez dut hau,1
eu,hau da ez da,1
eu,iruñean 1932ko urtean kainoak iruditzen zait,1
eu,nire uste dut,1
eu,nire uste dut eta nire uste dut,1
eu,nire uste dut ez da eta ez da eta ez da eta ez da eta,1
eu,nire uste dut ez duzuek egin behar da,1
eu,nire uste zuzenbideak lortzea,1
eu,oso garrantzitsu bat da,1
eu,txkarra karrara,1
eu,uste dut esan behar duzue,1
eu,zer egin behar da,1
eu,zer egin behar du,1
eu,zer egin behar duzu,1
eu,zer egin behar duzue,1
eu,zerbait egin behar duzue zerbait egin behar duzue,1
eu,zerbait garrantzitsu bat da,1
eu,zerbait garrantzitsu bat da baino gaur egunen dut,1
eu,zerbait guretzat,1
eu,zerbaita baina ez da,1
eu,zerbaita baina ez da gauza,1
fa,pym jbz,1
fa,اتي بشنید,1
fa,ارهای اینکه با اینجایی که بردار ب,1
fa,از این باقی از این باقی از این با,1
fa,از این باقی محلات با این بیانوی ب,1
fa,از این باقی همین کار را بردارید,1
fa,از این باقیه با اینجایی بردارید,1
fa,از این برنامه باید را درست دارید,1
fa,از این برنامه باید راست کنید,1
fa,از این بیان اینجا باید خورده این,1
fa,از این وقتی باید باید برگردید,1
fa,از این گره هایی باید باید برداری,1
fa,از اینجا از اینجا,1
fa,از اینجا از اینجا بردارید,1
fa,از اینجا باید باید برگردید,1
fa,از اینجا باید بردارم,1
fa,از اینجا باید برگردید,1
fa,از اینجا بردارید,1
fa,از اینجا درسته اینجایی که همین ک,1
fa,از اینجا نمیتونیم با اینجایی که,1
fa,از اینجا همین کار را باید بردارد,1
fa,از اینجایی از اینجایی بردارد,1
fa,از اینجایی باید برنامه درست داری,1
fa,از اینجایی باید برگردید,1
fa,اطلاع دیمتری توشته شرکته اراده ب,1
fa,امتحان مدیران باید باید برگردن,1
fa,اید بردارید,1
fa,اینجا باید برگردید,1
fa,با این باید بردن که این بیشتر موس,1
fa,با باید برگردید,1
fa,با باید برگردیم,1
fa,با همین کار را برگردید,1
fa,با کwiseز کنید,1
fa,باست,1
fa,باید برسید,1
fa,باید برگردید,1
fa,براتون باید برگردید,1
fa,برای از اینجا از اینجا برگردید,1
fa,برای همین کار را برای از این کرده,1
fa,برخی از اینجا بردارید,1
fa,برگردید,1
fa,تا دیگره که اینجا برای اینجا در,1
fa,جا باید برگردن,1
fa,خواست کنید,1
fa,د,1
fa,دارید,1
fa,سته باید برگردید,1
fa,قی از این باقی,1
fa,مدتش از اینجایی باید برگردن,1
fa,مدتون باید باید برگردید,1
fa,مردم از این نفره های باید بردارد,1
fa,مردم از اینجا از اینجا ویدیوی بر,1
fa,مردم از اینجا باید بردارید,1
fa,مردم از اینجا درسته ایرانی با ا,1
fa,مردم را درست دارد,1
fa,مرسیدی باید باید برگردید,1
fa,موسیقی با ازدویز باید محلی کنید,1
fa,های از دوست دارید که از این درست,1
fa,ود,1
fa,ویدیو با اینجا باید برگردید,1
fa,کتی اونده بود,1
fa,ینجایی بردارد,1
fi,ervetuloa,1
fi,isölle,1
fi,kiitos kun katsoit kiitos että katsoit,1
fi,kiitos kun katsoit pidäkää seuraavaa videota,1
fi,kiitos kun katsoit videon,1
fi,kiitos kun katsoit videon tämä on myös tehtäväni t,1
fi,tekstit ja kiertuet jatkuvat www sdim fi,1
fi,tekstit ja kuvitetta jari kallionen yle,1
fi,tekstit ja kuvitetti jari kallio yle,1
fi,tekstit ja kuvitetti jari pöntysen yle,1
fi,tekstit ja kuvitettu jarkko lehtola yle,1
fi,tämä video on tehty yleisölle seuraa miten teet sen,1
fi,tämä video on tehty yleisölle tämä video on tehty yle,1
fo,að fóða aðeinu,1
fo,einleinu,1
fo,ffóilík að ffóilík að ffóilík,1
fo,fórmáin yfanc,1
fo,hél gamle yla,1
fo,i'm wasting my butter batteries,1
fo,may i have your attention please the ferry will be docking,1
fo,rap,1
fo,rdas,1
fo,shortly for your safety all passengers are to remain off,1
fo,sið warnirru yakko ekki naibleaga,1
fo,sjöfjalli,1
fo,sori for watching,1
fo,sosat sosat,1
fo,sosnabuiru,1
fo,sosnafoss,1
fo,sosnofólk,1
fo,sosnoi,1
fo,sosnoi com,1
fo,sosnoi com au,1
fo,stairs ramps and landings of the ferry,1
fo,sánámárán,1
fo,sánámárán ás átti,1
fo,série,1
fo,thanks for watching,1
fo,und das ist es,1
fo,álfóilík,1
fo,álfóinu,1
fo,árraig að fórmáin yfanc á fórmáin,1
fo,árraigil eilean antaosan,1
fo,árraigil eilean áttal,1
fo,áthfóilík að ffóilík að ffóilík að ffóilík að,1
fo,ég áttu faginnan,1
fo,ín hláttu hláttu,1
fo,ín hláttu í ffórdas í ffórdas í ffórdas í ffó,1
fo,ín hún að fóða aðeinu,1
fo,ínniðurinnan aðeinnu aðeinnu,1
fo,ínniðurinnan í ff þessalóðið,1
fo,það er að búðu,1
fo,þe leitin sáliðu,1
fo,þeir agam ámlaðu,1
fo,þeir agar þeir fyrir,1
fo,þeir agarðu þeir agarðu þeir agarðu þeir agarðu,1
fo,þeir agurðu þeir agurðu,1
fo,þeir fyrir erið,1
fo,þeir fyrir fyrir,1
fo,þeirin hlórið er aðeins og þeirin lóðið er aðeins,1
fo,þeirin tónuþe,1
fo,þeirin áttu ámáðu,1
fo,þeirr áttu ámáinu,1
fo,þeirre áttu,1
fo,þessalóðið þessalóðið,1
fo,þið erum náðu,1
fo,þið linnan erum í fyrirleinu,1
fo,ʻoʻiʻoʻi ʃoʻoʻi ʃoʻi,1
fo,කප න න ක ර මට ස ත ත,1
fo,ය,1
fo,では 私はあなたのために,1
fo,またねえないですか,1
fo,私はあなたのために,1
fo,급수,1
fr,abonnez vous à ma chaîne,1
fr,au revoir,1
fr,autres vidéos merci,1
fr,bois j'ai juste besoin de l'aiguille,1
fr,bon on se dit au revoir,1
fr,bonjour à tous et bienvenue sur ma chaîne,1
fr,je suis désolé mais je ne peux pas satisfaire cette demande,1
fr,je vous laisse avec une vidéo de fin de journée,1
fr,le bois est très dur je n'ai pas de problème avec le,1
fr,merci,1
fr,merci d'avoir regardé,1
fr,merci d'avoir regardé cette vidéo abonne toi pour d',1
fr,merci d'avoir regardé cette vidéo merci à bientôt,1
fr,merci de regarder,1
fr,merci pour votre attention,1
fr,merci à bientôt,1
fr,merci à mes tipeurs tipeee et zephyr,1
fr,merci à tous,1
fr,n'oubliez pas de vous abonner,1
fr,ontario features,1
fr,sous titres par david liou,1
fr,sous titres par la vache qu'il est,1
fr,sous titres par leonard m,1
fr,sous titres réalisés para la communauté d'amara org,1
gl,amos acceder a todos los datos,1
gl,aviso a todos que el vídeo está en inglés gracias,1
gl,aviso a todos que este vídeo está en inglés,1
gl,aviso a todos que este vídeo está en inglés si nos,1
gl,aviso a todos que se acerquen a esta página para que pod,1
gl,cinematofone,1
gl,con más de 1 000 habitantes,1
gl,construir unha de estas,1
gl,creaçón e legendas pedro esteves,1
gl,e por último a gente vai mostrar aqui,1
gl,escucháis en español nos podemos encontrar en el canal,1
gl,espero que tenes curiosidade sobre esta historia,1
gl,esta era a última vez que o vídeo era grabado,1
gl,estado de desacuerdo é un estado de desacuerdo,1
gl,este vídeo es para que veas como se ten un problema con el,1
gl,fade out,1
gl,gracias,1
gl,gracias por ver el vídeo suscríbete al canal para no,1
gl,la ciudad de málaga es el lugar más grande de españa,1
gl,la ciudad de méxico que se encargará de la justicia,1
gl,más información www alimmenta com,1
gl,más información www alimmenta com br,1
gl,o que nos importa es que nos importe a vida,1
gl,o que pasa,1
gl,o que segura é que sendo unha de estas poderemos,1
gl,o que significa que a gente está en contra de unirnos,1
gl,o que significa que estamos en contra de unirnos,1
gl,o que significa que no mundo de hoy el petróleo es el,1
gl,o que significa que no mundo existen más de un millón de,1
gl,o que é,1
gl,o que é o que,1
gl,o que é que é,1
gl,obrigado,1
gl,obrigado por assistir,1
gl,obrigado por ver,1
gl,obrigado por ver este vídeo,1
gl,perderte más vídeos gracias,1
gl,personas con discapacidad,1
gl,salve salve salve salve,1
gl,segundo se o seu estado de salud no mundo está en un,1
gl,según el plan de la fiscalía el caso de la policía de,1
gl,será investigado por la fiscalía,1
gl,sistema de comunicación,1
gl,subtítulos realizados por lausana m,1
gl,suscribete,1
gl,unha unha de cada vez,1
gl,vale vale vale,1
gl,www alimmenta com br,1
gl,www subsedit com,1
gl,é o que é que é,1
gl,único que funciona,1
gu,address,1
gu,ainso go uk,1
gu,anupam di mali,1
gu,cincinn,1
gu,clap your hands if you have are elementos to share with,1
gu,ctv èi gra mikhaал sasr,1
gu,dear,1
gu,defendant,1
gu,diwali,1
gu,for you,1
gu,gegeben pari sheshmang,1
gu,ghati,1
gu,hiccup,1
gu,ho,1
gu,i love you guys so much,1
gu,indicators,1
gu,ingredients for rice,1
gu,iveness to life,1
gu,lap,1
gu,may,1
gu,may i have your attention please the ferry will be docking,1
gu,meanwhile,1
gu,other people,1
gu,particle,1
gu,plains mount sweden,1
gu,reproduce by normalpe coutezuil com,1
gu,roz,1
gu,shortly for your safety all passengers are to remain off,1
gu,snowy oh man mount fredericks,1
gu,stairs ramps and landings until the ferry leaves,1
gu,subscribe to watch more videos,1
gu,support me on patreon,1
gu,thank you for watching,1
gu,the,1
gu,video getup,1
gu,where students study fitness and progress after蚕 000 1000,1
gu,нов पड य र य influencer,1
gu,под ચ ન ક ર પડ ત como,1
gu,שמפ क पड क retrieval पर ट म,1
gu,अ दल,1
gu,अगर आरक य कर छ प द प,1
gu,अगर झ न ह दम पर इसम न,1
gu,अगर सबपट ख ल करत,1
gu,अपर ण गव ल ब ल क नबर,1
gu,आन ज,1
gu,आलग आलग आगट ज पर क य क,1
gu,आसक य ल आस य ल आ,1
gu,इ त म त रव त गर ण जद,1
gu,इसक य म गर व बरव,1
gu,एकक प प क अपल करत ह,1
gu,और इस वर य प स क न,1
gu,और इस वर य र भ गट वरग,1
gu,क य खल श य ग गवर गव,1
gu,क य ग व प स व र ट क,1
gu,क य ल आसक य ल,1
gu,क य ल आसक य ल आस,1
gu,कपनन,1
gu,खर स ग created by the plays,1
gu,गवर गवर सव यह जकर जकर,1
gu,ज पलत गल,1
gu,टर ष टवल at www dangidal oc in,1
gu,त प रस त,1
gu,त परगन परत परव द पर,1
gu,त ह,1
gu,द य,1
gu,दन परव दन,1
gu,न उध त cleveland university code 60 shells,1
gu,न चरक क सपक ए,1
gu,न प र ज व ओ रह,1
gu,प कर ग,1
gu,प त shoot,1
gu,प र प प करण आपक मनव क,1
gu,प र य क इन यव ल तosis,1
gu,प र र म न,1
gu,प रस त प रस त प रस,1
gu,प स पपक acula,1
gu,पतक परव ई सपतक,1
gu,पदकर प रज न,1
gu,परलग परव ई सपतक परव ई,1
gu,परव ई सपतक,1
gu,परव गन परव गन,1
gu,परव न,1
gu,परव स,1
gu,म करतम परक स करतम प,1
gu,य ग व प स व र ट क य ग,1
gu,र पहस परत परचन परचन,1
gu,र रख प रस त प रस त,1
gu,र स न दम च ल व जडर,1
gu,रक स करत चरकर परक स क,1
gu,रचन परचन परचन,1
gu,रत ह,1
gu,रत ह करतम करतम कर,1
gu,रव दन पर परव दन पर प,1
gu,रव दन परव दन पर परव,1
gu,रह समज ञ र पर सब द द,1
gu,ल व ल,1
gu,ल व ल व ल व ल व ल,1
gu,व अडक 2 पट र वर ध ख रज,1
gu,व द,1
gu,व प कर ग व प कर ग व,1
gu,व र परव र परव र परव र,1
gu,व ल व ल व ल व ल व,1
gu,वगववन पर प रव दन पर,1
gu,वह उतरर फ र न ल त ह,1
gu,स न व ल ब ल,1
gu,स ल ज यल स पर आप न क,1
gu,सक य ह क प र ड न जपय,1
gu,सग दर व ज ञ म हम ल,1
gu,सब ध त ब द प र ज व ओ,1
gu,समक य करव गन परव गन,1
gu,समक य परण गन,1
gu,समक य परव र परव र प,1
gu,समस य सद ध प प प क,1
gu,सर त घर नब न सक dispersed,1
gu,ह अगर सबपट ख ल करत,1
gu,ह आज ब च करत ह,1
gu,हस परत परचन परत परक,1
gu,१ ॲ ò,1
gu,२ ॲ,1
gu,२ ॸ ò,1
gu,ইদ এক ল খ জ জ লগ ন,1
gu,এক ক ত ক ল জ র,1
gu,দ gens,1
gu,ন,1
gu,ব ক४ ચલજત ક ટ ન છ,1
gu,ব ব ব মজব দ ব ব ব મ,1
gu,ਦ ਦ ਕ ਡ any bro awareness,1
gu,ਦ ਦ ਕ ਡ ਲ ਯ ప చ ṃ,1
gu,ਰ ਮ ਵ ਟ,1
gu,ਸਸਸ ਸਸ ਸਸ ਸਸ,1
gu,એકક સ,1
gu,ખ પ ગ lorik,1
gu,ગ ય દ,1
gu,ગસ ગરવ સ બ દરસ સ ધ ગ,1
gu,ટ ગ,1
gu,ત ઓ મ ગ સ સ,1
gu,ત ર ટ ર શ ગ ય ડ ક,1
gu,દ ઇટ र ગਸ,1
gu,ધત ઈ પ ન ય ગ ટ ન ભ ધ,1
gu,ધવ ન શ ટ ડ ક,1
gu,પ ત ક ફ રગ ગ પ સ વ,1
gu,મ ત ત યઊર હ ર શ ઇデbok,1
gu,ય ચલdžઘ વ બ ય સ વર વ,1
gu,યવ ટ શ ણલ readykore,1
gu,વ સ ન ઔસ વ વ ન રત,1
gu,સ આ મ ક ગ છ સ સ,1
gu,સ ગ ન ટવલન ટ ડ app holes,1
gu,સ ડતમ ક ર મ ન ત ય ટی,1
gu,સ મત,1
gu,સ ಗ ગ ય જ ગ જ ન,1
gu,కకక ৮,1
gu,జ జ జ క,1
gu,ಕ ણट ത र,1
gu,ಬನ ರ ವದ ರಕic unboxing,1
gu,就到 सद र ज व म ज वहक,1
ha,a,1
ha,age,1
ha,and,1
ha,aur toh cum,1
ha,aur toh html5,1
ha,b,1
ha,botskhibans zatkot' hasan,1
ha,cerved,1
ha,click,1
ha,copyright osho is a registered trademark of osho,1
ha,danke fürs zuschauen und bis zum nächsten mal,1
ha,desse elected,1
ha,for,1
ha,garde,1
ha,hington,1
ha,i am a agent,1
ha,ijah,1
ha,implant plant plant 2,1
ha,implant plant plant ä,1
ha,implant plant ר,1
ha,international foundation,1
ha,journalism and psychology,1
ha,just videos by the amish,1
ha,leopard,1
ha,madura,1
ha,may,1
ha,oa,1
ha,ok,1
ha,our,1
ha,please leave the comment and like the video,1
ha,qiigi qiqi qiqi ya,1
ha,qubsi,1
ha,s,1
ha,sarkho and og hochi,1
ha,see you next time,1
ha,so as we enjoy our stay you should be sure to try it,1
ha,sri lanka,1
ha,stuffs,1
ha,subs by lufu,1
ha,subscribe for the best sinhala songs,1
ha,słyszałem var jeszcze durche apprentizierung,1
ha,taxation snapchat com,1
ha,tbilisi,1
ha,teess,1
ha,ter ceh,1
ha,thank you for watching,1
ha,thankful for watching,1
ha,thankyou for watching,1
ha,this is live action pure fan arte,1
ha,to,1
ha,trying my best,1
ha,uberw fale,1
ha,urez,1
ha,vehicle,1
ha,veterinarian,1
ha,way,1
ha,whim,1
ha,wnież 搞不定受电子文字咸,1
ha,won't forget to like share and subscribe,1
ha,www dokumentession pro com,1
ha,www gurband ai,1
ha,www osho com,1
ha,www tradeze pl,1
ha,ye maha doran,1
ha,ye mahur,1
ha,ï ɳɉdɡɉɦ ɋɒɉnɒ nɒx ŋɒɒ fight17,1
ha,şeh voiture گی جگر happen هاس بندگی hans,1
ha,अडक प य क न ब र ट र,1
ha,अद ओ ध ल प त वर म ल,1
ha,क ट य द vér,1
ha,क भव क,1
ha,क र य स त र टर धद क व,1
ha,क रह,1
ha,च प र ट य च प र,1
ha,ट य,1
ha,ट य च प र ट य च प,1
ha,प र ट य चव ल व ट,1
ha,प रण ग प रण ग,1
ha,पडसक य पडसक य,1
ha,पदक र प रण गल प रण ग,1
ha,पदकप र य पर व द र प,1
ha,बद जगर प लल न ग भव क,1
ha,भव इश his ಚ ಡ एರgtರ ದ,1
ha,भवक जगर भव क एगर भव,1
ha,मड र еस ब न,1
ha,य क पर छ न सप र क य,1
ha,य च प र ट य च प र,1
ha,र ट य च प र ट य,1
ha,र व द र,1
ha,लग धदक अ ग न र य म ल,1
ha,लग शन त म य असन,1
ha,स ni추,1
ha,सब ब थ र न च प र ट,1
ha,আই এক এইণ দ ধ ঘ jake হ ম দ,1
ha,কপ ট দ ড এসমব কল ক ভ,1
ha,ত র জক ট ড ত প ত,1
ha,দ বন আখ কট 能হࣆeda 지งথ,1
ha,ন ন ম,1
ha,প ত 찬 ত শ ম র শ র,1
ha,র ক ব ষ ত গ দ এখ,1
ha,রন হ ট ক রijke ন 2014 started,1
ha,ਹ ஸ,1
ha,ક લકટ ત ક ર છ ક દ,1
ha,இபட ത ல,1
ha,உபட,1
ha,யன pourrait பநற ஸ میย,1
ha,డ ట వ య ల బ జ భ price క,1
ha,ప,1
ha,ಅವವಸಭ ಕರ ಏಕ ನ ಯ ಕ ಕ ನ,1
ha,ಕ ಲ ಕ ಕ ಲ hailremembers,1
ha,ಬ ದ ಧವರಲ ಲ ನ ನ ದ ಯ,1
ha,ಲ ಲ ನ ನ ದ ಯ ಸ,1
ha,ಸ ಮ ದ ದ ದ ರ ಬ ದ ಧವರ,1
ha,ಹ ಭ ಚವ ಚ ಯವರ ಗ english,1
ha,ത ത ത ത,1
ha,ന క మ పజ ఛ గగ గవ ట,1
ha,൜ය ൴ க,1
ha,අප සම ද ස ට ක ඩ පය ක,1
ha,ආක ස ද න ගන න ස ද න,1
ha,ඉන ත ය ස ය ස ථ ම ස,1
ha,එකත වන ර ටතය ක ර මට,1
ha,එන න ව න ඇස ම ම ම ම,1
ha,එව ත සම ල න ස ම න,1
ha,ඔන ම මන න ම රන න කරන,1
ha,ඔල ව ම මට වන න ඔබ හ,1
ha,ක න න ස ල බ මතක ම ද,1
ha,ක ර ම සහ ලබ අන ප කරය,1
ha,ක ලයක සම ම ධ ට සටමක,1
ha,කන න තබ ක ව ඩ ය සම,1
ha,කනම නය න ක ර ම අප ක,1
ha,කපම ගන න අප ක ර ම ක,1
ha,කපම ගන න සම ද ර ම ක,1
ha,කපම න න කරන න කරන න,1
ha,කරනව ව ප ස ම ඕاف ල,1
ha,කරම වදක කරන න ක ර ම,1
ha,ග න මට ස ට ප ල ක කරන,1
ha,ගම බ න න,1
ha,ණ න න ස ද ල න ස ල ණ,1
ha,ද ස හ යට කරන න හ ඳ,1
ha,දප ෂම ග ප ර හ ස ද න,1
ha,න ඉවත ව ට ය සමග,1
ha,න න වන ත ට කරන න කර,1
ha,න න සමග වන න,1
ha,න න සමග වන න සමග ව,1
ha,න ම දය ක න න,1
ha,න රය,1
ha,න සරන න සර සමන න සමන,1
ha,නම එය ම ල බරයට න ත ව,1
ha,ම,1
ha,ම ථන ම තදය සමක රය,1
ha,ම ය ට සහ ර වන ට සම,1
ha,ම ල බරයට න රත කර ණ ක,1
ha,ම ශ ර,1
ha,මට ආක රය,1
ha,මට සම ම ක ර ය කරලන,1
ha,මන සමට එකත කරන න ස,1
ha,ය,1
ha,යන ට ඥර න න ප වල න,1
ha,ර ණ කර ම ශ ර ට ට ව ස,1
ha,ර ම ක ර ම ක ර ම ක,1
ha,ර ම ක ර ම ස ද න න,1
ha,ර ම ක ර ම සහ ක ර ම,1
ha,ර ම ක ර ම සහල කරන න,1
ha,ර මට ක ර මට ක ර මට ස,1
ha,රන න කරන න ක ර ම ස ර,1
ha,රන න කරන න කරන න කරන,1
ha,ල ට න ව ම හ වද හ පරණ,1
ha,ලබ ස දන නම සම දය,1
ha,ව ටමයක ල මම ග කරන,1
ha,ව න ඩ යට සම යන න,1
ha,ස ට යක කරන න,1
ha,සන නම ම ශ ර ට ට ව ස,1
ha,සඳ න සම බ ගන සම ම,1
ha,සම ද කරන න අප ක ර ම,1
ha,සම යන න ම ද න සම යන න,1
ha,සම සබන න ම දය,1
ha,හ ක ර ම සහ,1
ha,හ ප ර ස ද න ස ද න,1
ha,හ ස ද න ස ද න ස ද,1
ha,හ හ ස ද න හ ස ද න,1
ha,ក ដ ក ភង រ ង ទ សង,1
ha,ន នល ស សប hao អ,1
ha,ប រអ កជហឡ រ ងអ ប ឧ,1
ha,ម ន ម ន ម ម ងន ម ន,1
ha,ម ម ង ន ម,1
ha,មប ក ន ម ម ងន ម ម ង,1
ha,អ នន ន ន ន ល ង រ ដ,1
ha,អ នប ឡ,1
ha,城 chúngا ہندالکم,1
ha,든 wwwwwwwwwwwwwww,1
haw,150 g feta,1
haw,a,1
haw,applies to your data,1
haw,b,1
haw,but now is the time,1
haw,các bạn có thể ngọc lại bài hát này trong,1
haw,das ist eine gute idee,1
haw,fallout 4,1
haw,gracias por ver,1
haw,i don't know what you're talking about,1
haw,i'm gonna be back home,1
haw,i'm gonna get a call from my family i'm gonna be back home,1
haw,i'm not a fan of the way you're talking to me,1
haw,if you like my video please subscribe to my channel,1
haw,if you like this video don't forget to like and subscribe,1
haw,if you like this video please subscribe to my channel,1
haw,it allows you to,1
haw,lugares mais bonitos para visitar,1
haw,may i have your attention please the ferry will be docking,1
haw,music playing,1
haw,of your sensitive data,1
haw,originally you had to get the,1
haw,outro music,1
haw,privileges and time effects,1
haw,see you in the next video,1
haw,shortly for your safety all passengers are to remain off,1
haw,stairs ramps and landings until the next train,1
haw,thank you for watching and don't forget to subscribe,1
haw,thank you for watching please subscribe and like,1
haw,thank you for watching please subscribe to my channel,1
haw,thank you for your support,1
haw,thanks,1
haw,thanks for watching please subscribe,1
haw,to know what truly,1
haw,video hát này,1
haw,westsidearin council,1
haw,www fallingplates com,1
haw,à la fin de la vida la ciudad de londres é um dos,1
haw,субтитры предоставил dimatorzok,1
haw,ຈ ຈ,1
haw,ត ទ,1
haw,ប ត រ ប ត រ,1
haw,ប ន នប ន ន រ យន នស,1
haw,រ ប ក រ រ រ រ រ រ,1
haw,ស រ ន ករ ន ន ល រ ល,1
haw,អ ប ប ប តន ត រ រ រ,1
haw,អ រ ស ន ស ស,1
haw,ことができます,1
haw,では ご視聴ありがとうございました,1
haw,ではまたね,1
haw,クからは リンクのリンクをクリックする,1
haw,下の方にもリンクがあります 右上のリン,1
haw,下集待續 感謝觀看,1
haw,下集待續 感謝觀看 下次見,1
haw,与此同时 我将尽力保护所有人 请保重,1
haw,冰島駅 南口,1
haw,多謝您收睇時局新聞 再會,1
haw,多謝您的觀看 再會,1
haw,感謝觀看 感謝觀看,1
haw,私は今 あなたのために何をしたいですか,1
haw,終,1
haw,谢谢观看,1
haw,감사합니다,1
haw,시청 해주셔서 감사합니다,1
he,כתוביות ע מ,1
he,קרדיט ל a i c,1
he,תודה,1
he,תודה רבה על המשך,1
hi,hubble tv,1
hi,ital video,1
hi,like share subscribe,1
hi,please share with friends,1
hi,please subscribe to my channel,1
hi,please subscribe to my channel for more videos on gold dig,1
hi,share the video,1
hi,www youtube com across amrit sharma,1
hi,अगर आपक प रश द पर ज न,1
hi,अगर आपक परव र च करत,1
hi,अगर आपक बह त हर व ल,1
hi,अगर त जब व ज वन ह न,1
hi,अगर द न ल ख ग त त म,1
hi,अगर न ज वन र प स प रश,1
hi,अगर पर व रफ र च ज पर,1
hi,अगर व प र स र प इट ह,1
hi,अगर व पत गय ह रह ह,1
hi,अब और त म च य,1
hi,अलग यद म यह प रस त त,1
hi,आप क य भ रहन क ल ए,1
hi,आपक आपक नख न कर जब,1
hi,आपक नह पकट करत ह,1
hi,आपक नह पत ह ग,1
hi,आपक नह पत ह ग आप,1
hi,आपक नह पत ह ग एक प,1
hi,आपक नह पहल बन ज न,1
hi,आपक प र यव द प र ज न,1
hi,आपक प र स त त ज,1
hi,आपक प रस त त र अच छ,1
hi,आपक प रस त त र क ब,1
hi,आपक प रस त व द पर ज,1
hi,आपक बह त हम र प र ज,1
hi,आपक भ बह त बच चन क,1
hi,इ ड य क ल ए प र म र,1
hi,इस अध क पर श ज ए क,1
hi,इस ब र ज ब त ज न क ल,1
hi,इस व ज ब ह त ह आपक,1
hi,इस स ग ज क प र म आ,1
hi,ई भ च ह ए और फ ल स क ज,1
hi,उर ड य ओर ज नल स पर,1
hi,ए,1
hi,ए उन ह न पर ज ए ग क,1
hi,ए क छ बह त दरत रह ह,1
hi,ए गए,1
hi,ए ज न क ल ए आज द गर,1
hi,ए प र स त र ण क परब,1
hi,ए भ च प करत ह,1
hi,एक अगर त क ई ज वन वल स,1
hi,एक प र प त य क ल ए,1
hi,और इपक सबस त परक रण,1
hi,और यह त प रस त म न पर,1
hi,क क क ट वस,1
hi,क ख श ल ग ज न ल ग,1
hi,क छ पर परप र करत ह,1
hi,क ज सल म पर द न ल ख,1
hi,क त चलन ज नत ह उन,1
hi,क प रम न पर उनक पर ज,1
hi,क ब द प र ज न क ब द क,1
hi,क य क अगर स ल ग भ,1
hi,क ल ए अच छ ट करत ह,1
hi,क ल ए ह ग प रस त त,1
hi,क व पर आपक करत ह,1
hi,कर ग प रश न पर प रस,1
hi,करत ह,1
hi,करत ह अलग यद त बच,1
hi,करत ह जनर य समन,1
hi,करतक परव द ख श आपक,1
hi,कलक स प र श पर इसक ल,1
hi,ख ब ल प र स र कर,1
hi,ख ल कर ग ज नत ह,1
hi,ग क ब द बरक पर रखन,1
hi,ग क ब द बरक पर रखन ज,1
hi,ग ग जनत ह,1
hi,ग ज जब ज न द द खन,1
hi,ग पर व पर श न च ह ए ह,1
hi,ग ल ग,1
hi,गईप ट पर द ख,1
hi,गर आज नह करत ह,1
hi,गरत ह,1
hi,च ज पर परप र करत ह,1
hi,च ह ए क पल रह ह,1
hi,च ह ए त प रस द पर ज,1
hi,ज ए क ल ए पत गय ह थ,1
hi,ज ए ह एक ब र म द ज,1
hi,ज ज ए क ल ए पत ज,1
hi,ज न क ल ए क वल श र क,1
hi,ज न क ल ए बन द त ह,1
hi,ज न द प रस त त कर,1
hi,ज नत ह,1
hi,ज बनन क ल ए पर बनन च,1
hi,ज वन वल स त ह त त,1
hi,जनतक ल ए प रव र ट ग,1
hi,जब इस व यक त पर अच छ,1
hi,जर र पर परग ग करत ह,1
hi,झ advertisement,1
hi,ट त कर,1
hi,ट प र म र ट क ल ए ब,1
hi,ड पर परव द कर ल ग पर,1
hi,ड य क प रस व द पर ल,1
hi,ण पर ज न ह,1
hi,त आपक परव र च करत ह,1
hi,त जब व ज वन ह नह,1
hi,त त ख ल स रच बच करत,1
hi,त त प र ज र नह ह,1
hi,त त र प रस त त र,1
hi,त प रस त पत प रस त,1
hi,त य क ल ए क पल प र,1
hi,त यह पत रह ह पत,1
hi,त र प रस त त र प रस,1
hi,त र प रस त त र प रस त,1
hi,त ह और पड न क ल ए,1
hi,त ह क य ज य वर पर,1
hi,त ह प र व पर ज ए,1
hi,द खत ह,1
hi,द ग बह त ह ग,1
hi,द थ,1
hi,द पर परच ग करन क ल ए,1
hi,ध न प ड इस स ग ज क,1
hi,न क ल ए आपक प रस द क,1
hi,न कर ग ख ल ख ल ह,1
hi,न च ह,1
hi,न द ग पर ज न द ग करत,1
hi,न व ड य क प रस व द,1
hi,न ह क आपक पर परव र,1
hi,न ह त त त पर प र,1
hi,न ह त ह और ध ड,1
hi,नन च हत ह,1
hi,प ज क ल ए पर बनन पर,1
hi,प त य क ल ए क पल प,1
hi,प र ज ग क ब द बरक पर,1
hi,प र प त य क ल ए च,1
hi,प र श क ल ए नह ह त,1
hi,प र स र बड,1
hi,प र स व त बह त प र ड,1
hi,प रत पर प रत ह,1
hi,प रयबन स आज नह प र,1
hi,प रस त त अध क ट कर,1
hi,प रस त त करत ह,1
hi,प रस त त करत ह इसल,1
hi,प रस त त करत हम अच छ,1
hi,प रस त त करत हम आज क,1
hi,प रस त त ख ल स बह त,1
hi,प रस त त र क ई समझ,1
hi,प रस त त र प रस त त,1
hi,प रस त त र य,1
hi,प रस त पत प रस त प,1
hi,प रस त पत प रस त पत,1
hi,प रह ग द ख,1
hi,पड त ओ करत क ल ए क छ,1
hi,पड त ब द प र ज व पर ग,1
hi,पत प रस त पत,1
hi,पर च हत ह,1
hi,पर प रस त त करत ह,1
hi,पर परव द ख ड ह,1
hi,पर बन ज न ह त बन ज,1
hi,पर ल ए ज न क ल ए च ह,1
hi,परकवलकर पर परव र च कर,1
hi,परत तम त पर ल भ य कर,1
hi,परव द करत ह त आपक,1
hi,परव र र क ल ए नह प,1
hi,परव रत करत ह,1
hi,परव रत पर प रस त त कर,1
hi,पल प र प त य प र,1
hi,पस द ह ग ह व प रस,1
hi,बन सह ल ए पर प ह न,1
hi,बप पतकर द खत ह,1
hi,भ अवड र नह ह त ह,1
hi,भ च प क ल ए अच छ भ,1
hi,भ च ह ए आपक ब हर च,1
hi,भ च ह ए उन ह न क,1
hi,य ट य ब ओर ज नल स,1
hi,य द ज न क ल ए प र स,1
hi,य बन सभ बनन क ल ए ब,1
hi,य80ट ब र क द ब ग र ड,1
hi,र क आ ब स न गह ए,1
hi,र क ई ब द तक लगत ह ज,1
hi,र कर,1
hi,र ग ह,1
hi,र ट द थ पर आपक स थ श,1
hi,र प त य क ल ए क पल,1
hi,र प रस त त र प रस त,1
hi,र प रस त त र प रस त त,1
hi,र ब त कर ग त व द खत,1
hi,र म आ ध न प ड आ,1
hi,र व पर ल ज ए क ल,1
hi,रखन ज न ह ज जब व ल,1
hi,रत ह,1
hi,रफ र म आज नह प रय,1
hi,रह ह त क य क आपक,1
hi,ल ए एक प र व पर ल कर,1
hi,ल ए प रस त त पर ज र,1
hi,ल कर ग प रव द पर प,1
hi,ल गय थ ज गई प र ज,1
hi,लन ज न ज नत ह,1
hi,व श व र ग व क ज न,1
hi,व श व र पर परव द कर,1
hi,व शव द च ज पर इस पर व,1
hi,वन र प स प रश क त च,1
hi,वह सब क छ भ अपवर आपक,1
hi,श व स र त व स म य ज,1
hi,स अपन च ह ए ख ल कर,1
hi,स थ पर प र स त ग ए,1
hi,स थ ल कर नख न च हत ह,1
hi,सब समक कर करत ह,1
hi,समक य कर ग गर न व,1
hi,ह अपन ल ए ज ए और नह,1
hi,ह आपक बह त बच चन क,1
hi,ह ए,1
hi,ह ए क छ पर प रस त त पर,1
hi,ह ए ज बह त व ध गग,1
hi,ह त व ध स पख थ ज भ,1
hr,ako vam se sviđa ostavite mi lajk i komentar,1
hr,ali je to učinjeno,1
hr,hvala na tome,1
hr,hvala vam i do svih dana,1
hr,hvala za gledanje i dobrogod,1
hr,hvala što pratite kanal subscribe na kanal,1
hr,hvala što pratite kanal subskribe na kanal,1
hr,hvala što pratite subscribe na kanal,1
hr,hvala što ste se sviđali s nama,1
hr,i ovo je učinjeno za njihova svojeg prijatelja,1
hr,imaš uvijek nekakve prilike,1
hr,je raditi,1
hr,kada ćeš biti naš moj prijatelj možda ćeš biti naša,1
hr,kada ćeš biti naša prijateljica možda ćeš biti naša,1
hr,kada ćeš biti naša prijateljica možeš da se naši su,1
hr,kako je to,1
hr,kako je u njemljivom učinu,1
hr,kako se početi,1
hr,možda imam vašu priču vrata će se kratko odvratiti za,1
hr,na ovom kanalu je više od 1000 video recepata vidi se i,1
hr,na ovom kanalu možete vidjeti i drugi video u na kanalu,1
hr,na ovom kanalu se može da se počinje i učiniti pogledaj,1
hr,na ovom kanalu se može da se sviđa i sviđa se sviđa,1
hr,na ovom kanalu se vidi uvijek učinite i prijatno hvala,1
hr,na ovom kanalu su i drugi video recepata,1
hr,na ovom kanalu su više od 1000 video recepata hvala vam,1
hr,napis i možete napisati i napišiti na www srb gov nz,1
hr,napiši li ti je vrlo dobro,1
hr,naši sviđani su naši sviđani,1
hr,ovo je učinjenje kako se počinje raditi i kako se počin,1
hr,poslije,1
hr,pratite i napisite kako vam se sviđa ovaj video,1
hr,pratite i završite kanal,1
hr,pretplatite se na kanal,1
hr,prijatelj,1
hr,prijateljica,1
hr,prvo izgleda naša kružnja ne znam kako je to učinjeno,1
hr,rata,1
hr,sviđa sviđa,1
hr,te i na kanalu,1
hr,top 10 najboljih križnjih stvari,1
hr,top 10 najboljih križnjih u svijetu,1
hr,top 10 najboljih stvari za krijev,1
hr,top 10 najboljih vježba na svijetu,1
hr,vam,1
hr,vašu osjećaj svi pasažiri će ostati u vrata vrata i v,1
hr,čekaj,1
hr,ši i naši sebe vratiti na naš kanal,1
ht,bost,1
ht,i'm a little girl i'm a little girl,1
ht,may i have your attention please the ferry will be docking,1
ht,outro,1
ht,shortly for your safety all passengers are to remain off,1
ht,sous titres par anonymous,1
ht,sous titres par anonymous by anonymous,1
ht,sous titres par anthony b,1
ht,sous titres par anthony beaufort,1
ht,sous titres par anthony beaufort et anthony beaufort,1
ht,sous titres par anthony beaufort www anthonybeaufort com,1
ht,sous titres par e a,1
ht,sous titres par emanuele m,1
ht,sous titres par emocee,1
ht,sous titres par emy elisabeth,1
ht,sous titres par emy emy,1
ht,sous titres par eugenie t,1
ht,sous titres par jules blanc,1
ht,sous titres par jules m,1
ht,sous titres par jules marguerite,1
ht,sous titres par jérémy dupont,1
ht,sous titres par jérôme fautier et christian pelletier,1
ht,sous titres par leonard m,1
ht,sous titres par leonardo tintoretto,1
ht,sous titres par r d m,1
ht,sous titres par r s s,1
ht,sous titres par soustitreur com,1
ht,sous titres par yannick mahé,1
ht,stairs ramps and landings until the next train,1
ht,tchou tchou,1
ht,the end thank you for watching,1
ht,www frumprov com,1
ht,www globalonenessproject org,1
ht,www youtube com original com anoptionel com,1
hu,a feliratot készítette amara org közösségével,1
hu,a feliratot készítette amara org közösségű időzít,1
hu,a filmeket készítette a csillagok között,1
hu,a főcímdal a hangol feliratokkal is köszönöm hogy,1
hu,a főcímdal a hangos videók között is előttek kösz,1
hu,a két kis személye van a két kis személye,1
hu,a két különböző személyi törvények között két é,1
hu,a következő videó később jöhet köszönöm hogy me,1
hu,a személyeim hogy miért nem jönnek a személyek hogy a,1
hu,a személyek hogy miért nem jönnek a személyek hogy a,1
hu,a szintén hogy a kockákat megsózzuk két oldalát is sz,1
hu,aba,1
hu,azt,1
hu,ed,1
hu,feliratok az amara org közösségétől,1
hu,feliratot is,1
hu,feliratot készítették a h3h3 közösségétől,1
hu,gnézted,1
hu,ha tetszett kapcsold be az angol feliratot,1
hu,ha tetszett készíteni kéne,1
hu,ha tetszett készítsd be az állatot is,1
hu,ha tetszett készítsd be az átlátokat is,1
hu,ha tetszett készítsd be az átlátokat is köszi,1
hu,ha tetszett készítsd meg a videót másokkal is,1
hu,ha tetszett készítsd meg a videót másokkal is köszi,1
hu,ha tetszett készítsd meg hagyományainkat,1
hu,ha tetszett kössé legyél ha nem köszi,1
hu,intén megszózzuk,1
hu,jó étvágyat kívánunk,1
hu,ket maradjanak előre,1
hu,köszi hogy megnézted ha tetszett köszi,1
hu,köszi hogy megnézted ha tetszett köszi ha nem kös,1
hu,köszi hogy megnézted ha tetszett köszi hogy megnézt,1
hu,köszönöm hogy megnézted,1
hu,köszönöm hogy megnézted a feliratot készítette cs,1
hu,köszönöm hogy megnézted a ferrid később fog jönni,1
hu,köszönöm hogy megnézted ha tetszett készítsd meg a,1
hu,leti személyi törvények között legyen,1
hu,megnézted,1
hu,minden szabadon hogy a szabályokat a húsok és a jövő,1
hu,namaste,1
hu,személyek megállnak,1
hu,zi,1
hu,ési kézben,1
hu,önöm hogy megnézted,1
hy,broken մենի օրցասով,1
hy,ագ էն осքլանդրաձանդեղաջ ույննեյ,1
hy,ալ եմ իմ այդ մարդկանը,1
hy,ալ կննեներին,1
hy,ալես է այս բաստացվ է այս բաստացվ,1
hy,ական կանդիստ է այդ միստ է,1
hy,ական միսին է այդ ունենք է,1
hy,ահիշում է այդ է ունեցի որ այդ դր,1
hy,ամար այդպանդիթյունն է,1
hy,ամար ենք առաջին համար ենք ենք առ,1
hy,ամենայից ուրհանդյալ է,1
hy,ամնում երերերում ամնում հիթետ ա,1
hy,այդ կանգները աստանվորդ են,1
hy,այդ հետ,1
hy,այդ նախանհանդիստ է,1
hy,այդ ունտրանքի է,1
hy,այդերեն լիկցենք ապիլորնելը ընտվ,1
hy,այնց է ինչքանեւ այնց է ինչքանեւ,1
hy,այս կարծել ես եմ երկստանք է,1
hy,այցկանդրող է,1
hy,ան,1
hy,անալալալու ֈւմկ ըղ ակնորը այպ,1
hy,անգլերա,1
hy,անգլերե ներեն ովեն ովեն խոսում ե,1
hy,անդանալ հանդրանալի եւ որ կարգի է,1
hy,անը մի բանտանը,1
hy,անոս հիետե ես եւմագառ ասափում է,1
hy,անտանը մի կամ մի բանտանը մի բանտ,1
hy,անցին,1
hy,անք է,1
hy,աշխանգները կլվորդ համարդիպները,1
hy,աշխանդեր է ես ես նա ամասին է որ,1
hy,աշխանյած է,1
hy,աջին համար ենք մի գրծում ենք տարգ,1
hy,ասպան եսսուլերերեն դայլերենխ,1
hy,աստանքը հաստանք է,1
hy,աստված այդ նատ կանման,1
hy,աստված այս իմ համար է,1
hy,աստված այս կարգար ենք այդ նկնանք,1
hy,աստված երկվորդ համարան,1
hy,աստված էր,1
hy,ավաս,1
hy,ավհայցունեն այս ակերացնել ու ո,1
hy,ատ գանդիր ունք ասնական ավարգանգ,1
hy,ատող եմ բայց ինչ եմ բարդական մար,1
hy,արգանի մատներն էր անգրանց տեղորհ,1
hy,արկան ես ուզում ես այդ այս կանը,1
hy,բանտանը մի բանտանը,1
hy,բանք այդ նական լինչ է ուրինչ է նա,1
hy,գ է,1
hy,գողջում է,1
hy,դանք է այդ այդ մության մության հ,1
hy,դեսում ենաում դեսում թարնգրետեո,1
hy,դհամբասկանների են ենք ատաղալու,1
hy,դհելա ասգնում մինոր գողքանքի է,1
hy,դրանալ երբավոր կանդը,1
hy,եզ այս համար է ես մի մեր է որ գող,1
hy,եթբեսիկսը եկանի դրման ընտրանք է,1
hy,եթբեսիկսը եկանի եկանի ընտրանք է,1
hy,եթե այս շատ որ ուներ կարող ուներ,1
hy,եհանակյանցը ինչ makar aumնի ս երեսո,1
hy,եղծանք է,1
hy,եմ եմ այս դարհանք է,1
hy,եմ մի համար որ անդրան,1
hy,ենդյոր գիտա հայս մայիքան է սիրե,1
hy,ես այս եմ այս դարմ է այս մի այս դա,1
hy,ես գով եմ այս գալգանի է ես լավ ես,1
hy,ես գով եմ այս գալես է թե ես այս գ,1
hy,ես գով եմ այս դագված էլ որ մանակ,1
hy,ես գով եմ այս դարհանք ես կարծել ե,1
hy,ես գով եմ այս դարհանք եւ այս նլված,1
hy,ես գով եմ այս դարհանքը ես այդ համ,1
hy,ես գով եմ այս դարմ է այս մի այս է,1
hy,ես դասակյան կաքավառ է բիստենք թե,1
hy,ես դեսի մի բանտանը մի բանտանը մի,1
hy,ես դպանք էր այդ մարդկանը ես նլվ,1
hy,ես դպատվել եմ մի համար նապակը մի,1
hy,ես եմ եմ իմ այդ կանդված է,1
hy,ես եմ եմ լիստ է այդ է ուստանք է ու,1
hy,ես եմ է այդ մանդիշտ է այդ մանդիշտ,1
hy,ես եմ կամ այս,1
hy,ես եմ հայսպանդան,1
hy,ես ես այս տանդալ եմ նիրականը մի բ,1
hy,ես ես եմ եմ մի մասիկ,1
hy,ես ես մի աշխանդեր է,1
hy,ես ես ստանդիշտ եմ է որ կարող է մ,1
hy,ես ինչքանեւ այլոր այնց է ինչքանեւ,1
hy,ես ոկ նիռական մենին փատրանը կանի,1
hy,ես ուզում եմ այս ես կեզում եմ այս,1
hy,ես ուզում եմ ես համարդում ես այդ,1
hy,ես ուսենք ես եմ նաքդ երկստանք ու,1
hy,եվ այդ միստանք է,1
hy,եվ ինդորհանալ եւ պատջանիմ է այսու,1
hy,երի ուների ուների ուների ուների,1
hy,երկի հել ղարոզլ,1
hy,եւ կզվեց այսուր ես այսկանիմ է այս,1
hy,զիսպանիարէտում խոսոարդեե,1
hy,է,1
hy,է այդ մանդիշտ է այդ մանդիշտ է,1
hy,է այդ նկնանք է,1
hy,է ես այդ համարդանք է,1
hy,է ինդրան,1
hy,է մի մի նկանք ես ամեն ույցիս է,1
hy,թվելը հեայցցիվ ավհալություն,1
hy,ի մանդիկան է,1
hy,ի որիկ եւ ըրդմեւրը եւ տարմահած եմ լ,1
hy,ի ուների ուների ուների ուների ու,1
hy,ի տեղծան եւ այդ մի տեղծան է այդ մի,1
hy,ին էր բանդել է,1
hy,ինձ ու բաքր հան հասովում լավ չի,1
hy,իջս է,1
hy,լպիցական այս ունեցի,1
hy,կանգով է,1
hy,կանց երբ այս համարդկանց է,1
hy,կարգո վ այդ ունին այդ ունին այդ,1
hy,կեղροցբարարես է,1
hy,կիկ է համարանց է այդ մանակը բայց,1
hy,կրագավացվել այդ տանը շբ,1
hy,համարանց է այս դարգիմ է,1
hy,հայական երկստանը մի որ ուզում եմ,1
hy,հայական երկստանք է այդ միստանք է,1
hy,հայական է այդ նախանհանդիստ է ես,1
hy,հայական իմպես մի մանդիկան է այդ,1
hy,հայական իմպես մի մանդկան համար է,1
hy,հայական կանդիստ է այդ միստ է հա,1
hy,հայական հայկան միայս է ունենք են,1
hy,հայական միջպանը մի ուրդյան է այդ,1
hy,հայական միջպանը մի տեղծան է այդ,1
hy,հայական միջպանը մի տեղծանք է մի,1
hy,հայական միսին է այդ ունենք է հա,1
hy,հայություն եմ այս կատող եմ այս կ,1
hy,հատկանդրան լինկան է մատեւորը մի հ,1
hy,հետ նակր depot,1
hy,ղջում է այդ համարդիստ է գործել մի,1
hy,մ ասանում է,1
hy,մ եւ այս բանք է այս հանդկանք է,1
hy,մեզ թափոնույթյունները շատ շնաճ,1
hy,մենք առաջին խանդում են ինչպես հ,1
hy,մենք պատվել է իր պատվել էլ մենք,1
hy,մի ուրդյան է,1
hy,մի տրապան ենք ամեն ուզում ես այդ,1
hy,յնց է ինչքանց էր,1
hy,յոգյուններաեւ ուրիկատքանելեն օր,1
hy,յունն ես մի լարներր այնեւ աճաղ,1
hy,յսքեն,1
hy,ն բավանգանմերգանմեր սնղատ ավիրն,1
hy,ն իմնոված եւ էր չպակիվոմ եւ ես ձպգ,1
hy,ն ոտետետում շատ համպանը,1
hy,ն օլլերեն,1
hy,ների ուների ուների ուների ուների,1
hy,նում,1
hy,նում ես ոկ սառական մենին փատրան,1
hy,նում է սկթնում անդավանականությ,1
hy,նրանք համարդանք է այդ համարդանք,1
hy,շատ կարգները ունչներ ենք այդ այդ,1
hy,շատ համար է մի լինչին ու մոտ հետի,1
hy,շատ մանք ուղջված համար այդ այդ մ,1
hy,շատ ուզինք ուստանք է ուզինք ուստ,1
hy,շատ չպանդրան,1
hy,ով հայկստանք է այդ մանդկենք է,1
hy,ովուահների մես գիտդեմ որապհանդե,1
hy,ու հինրում է,1
hy,ուզում եմ այս համար հայկան իսկ,1
hy,ուղջհանք է իր ուղջհանք է այդ մի ո,1
hy,ում եմ կամ եւ եյ մեր ոյնն դրանդել,1
hy,ում է种 տշանթանոտիքն մեզ թե այս է,1
hy,ունեն ապատողել է ունեն ապատողղե,1
hy,ուների ուների ուների ուների ուն,1
hy,ունիստներ ունիստներ ունիստներ ո,1
hy,ունն ընդսույննדերը այս կնում,1
hy,ունչներ է,1
hy,ջսձքեվ իր հայ jot նա ծարր խիլոր,1
hy,սամմանի ինչպանիթյունը մի թկս մի,1
hy,սայս ամենք ուստանքը մեզ այդ մարդ,1
hy,սայս ամենք ուստանքը մեզ այդ մբան,1
hy,սարգանք է մի գողջում որ մի կանգո,1
hy,սեմ երկանի որ հանդրան ես ուզում,1
hy,սերտակի ինչպես են ամենան միշտ հ,1
hy,ստանտրանք է,1
hy,ստանք է այդ է ուստանք է,1
hy,տեղծան,1
hy,ր այս մի կարող է,1
hy,ր բ իրանով է սամանթա էր որպախագ,1
hy,ր երիտեւի ն նացվիքսներին շրուշվն,1
hy,ր է,1
hy,ր հակրավէլ կրվնով հած կամբանքնե,1
hy,ր տանդանալ որ այսուր իսկ չկարծեց,1
hy,րասինապյունք մի նքն得ությունը գ,1
hy,րմ է,1
hy,ցկնենք է չունելիպվեն թարներ դոր,1
hy,ւթարանիե ասյլերեն հայցրիր ամե,1
hy,ւղջհանք է,1
hy,ւմ ասպերետում եսֈւմ ետետետետետ,1
hy,ւնեն ու ունեն,1
hy,ւնին այդ ունին այդ ունին անգինք,1
hy,ւնիստներ ունիստներ ունիստներ եւ շ,1
hy,փանք է,1
hy,ք ունենք միայս է,1
hy,քանղ ամուիսջուները համարաբադ,1
hy,下一վի չանքի կոստանի կար ցվում է,1
id,dan share,1
id,dan share terima kasih,1
id,sampai jumpa di video selanjutnya,1
id,sub indo by broth3rmax,1
id,terima kasih,1
id,terima kasih atas dukungan anda,1
id,terima kasih banyak,1
id,terima kasih dulu,1
id,terima kasih sebagai penonton,1
id,terima kasih sudah menonton,1
is,fyrir að fjalla með þér,1
is,líberahellin,1
is,may i have your attention please the ferry will be docking,1
is,shortly for your safety all passengers are to remain off,1
is,sjá sjá sjá,1
is,stairs ramps and landings until the next train,1
is,svona hlutin,1
is,svona hlutur,1
is,svíðast,1
is,sér sér það er það,1
is,sérfællega það er það,1
is,ttið þáttið,1
is,tónlist com au,1
is,tónlist á fyndir com,1
is,tónlist á fórum com au,1
is,það er að fjalla á þessum fyrir,1
is,það er að þú þurraðið það,1
is,það er það,1
is,það er það fyrir að fjalla með þér það er það,1
is,það er það sem við þá erum við,1
is,það er það sem þið hægt hægt hægt,1
is,það er það sem þið hægt hægt hægt hægt,1
is,það er það sem þú þarf að hætta,1
is,það er það sem þú þá erum að fyrir,1
is,það er það sem þú þá erum að hluta,1
is,það er það það,1
is,það er það það það,1
is,það er það þú þú erum þú,1
is,það var það sem þú þáttið þáttið þáttið þá,1
is,þetta er allt,1
is,þetta er í hverju þú svoðir því þetta er í hverju,1
is,þetta er það,1
is,þetta er það sem við erum að vera,1
is,þetta er það sem þú þáttuði,1
is,þetta er það þú,1
is,þetta er það þú eitthvað þú veist,1
is,þetta er það þú veitum,1
is,þetta er það þú verður,1
is,þetta er það þúrðum,1
is,þetta var það sem við þáttum að þúksta,1
is,þetta var það sem þú þáttið þáttið þáttið,1
is,þú erum að gera þér á þér,1
is,þú svoðir,1
it,a presto,1
it,al prossimo episodio,1
it,anno rimanere fuori le scala le rampe e le salite,1
it,ciao,1
it,ciao a tutti,1
it,ciao a tutti e benvenuti sul mio canale,1
it,e poi si può usare per tutti i giorni tutti i giorni si,1
it,grazie mille,1
it,il nostro canale ciao,1
it,il nostro canale è inizialmente disponibile sul sito www,1
it,iscriviti al canale,1
it,la città,1
it,la scuola del dr paret ha un'esperienza di risultati molto,1
it,mai avevo un'incidenza la ferrovia sarà a bordo in pochi,1
it,mesmerism info,1
it,minuti per la vostra sicurezza tutti i passaggiatori dovr,1
it,non dimenticare di iscriverti,1
it,per fare questo lavoro,1
it,per fare un po' di lavoro,1
it,per farlo più facile,1
it,per l'ultimo passaggio,1
it,profondi,1
it,può usare,1
it,sottotitoli creati dalla comunità amara org,1
it,sottotitoli e revisione a cura di qtss,1
it,un'altra volta,1
ja,ed,1
ja,me,1
ja,おいしい,1
ja,おわり,1
ja,お疲れ様でした,1
ja,この後 私はこのようなものを作ることに,1
ja,ご視聴ありがとうございます,1
ja,しました,1
ja,サブタイトル kizuna ai,1
ja,チャンネル登録お願いします,1
ja,拍手,1
ja,次回は アメリカの地球を破壊するための戦,1
ja,闘をお楽しみください,1
ja,音声なし,1
ja,音楽,1
jw,bonne journée a bientôt,1
jw,con un ambiente muy tranquilo y tranquilo,1
jw,danke fürs zuschauen,1
jw,decorate the top of the box with a sticker,1
jw,if you like my video please subscribe to my channel thank,1
jw,if you like this video please subscribe to my channel,1
jw,la casa de la comunidad de cajamarca es un lugar muy bonito,1
jw,like share and subscribe thanks for watching,1
jw,logo satellite,1
jw,merci d'avoir regardé cette vidéo je vous souhaite une,1
jw,progressively intensifies,1
jw,saebit com,1
jw,sample from the video description,1
jw,selamat menikmati,1
jw,selamat tapi lingkaran,1
jw,share this video with your friends on social media,1
jw,sila klik langganan dan like,1
jw,sila klik langganan dan like terima kasih,1
jw,sila klik langganan dan subscribe terima kasih,1
jw,silakan berlangganan di bawah ini,1
jw,so i hope you enjoyed this video thank you for watching,1
jw,sosikliye com au,1
jw,terima kasih,1
jw,terima kasih kerana menonton,1
jw,terima kasih telah menonton,1
jw,thank you,1
jw,thank you for watching,1
jw,thank you for watching please subscribe,1
jw,www flydreamers com,1
jw,you,1
jw,අප ය න කරන න වර ණයක,1
jw,තබ ග න ට ර ව ප ව ත ක,1
jw,රන න,1
jw,ប ន ប ន ប ប ប ន ប ន,1
jw,いいね チャンネル登録をよろしく,1
jw,お願いします,1
jw,ください,1
jw,ご視聴ありがとうございました,1
jw,では ご覧いただきありがとうございます,1
jw,サブスクライブ よろしくお願いします,1
jw,下回の動画でお会いしましょう 購読して,1
jw,下回新鮮なビデオでお会いしましょう,1
jw,下集をお楽しみに,1
jw,下集再会 欢迎订阅我的频道,1
jw,多謝您收睇時局新聞 再會,1
jw,多謝您的觀看,1
jw,多谢观看 下集再见,1
jw,安全 所有乘客将保持在楼上的楼梯和陆路上,1
jw,目,1
jw,若您想使用 请搜尋 宝贝网站 并按 订阅,1
jw,見てくれてありがとう,1
jw,请不吝点赞 订阅 转发 打赏支持明镜与点点,1
jw,请注意 车子将很快就会停下来 为了您的,1
jw,谢谢观看 欢迎订阅我的频道,1
jw,谢谢观看 欢迎订阅我的频道 谢谢收看,1
jw,시청 해주셔서 감사합니다,1
jw,시청해 주셔서 감사합니다,1
ka,a panjari,1
ka,arvon arvanadze,1
ka,bez https arab slightly,1
ka,documentary,1
ka,erezi,1
ka,germany,1
ka,https www gzi id,1
ka,i wish ti would be so much stronger,1
ka,jon,1
ka,karniragi,1
ka,kistihashvili,1
ka,legenda by kjetili,1
ka,med,1
ka,music,1
ka,oksna teni chirchida,1
ka,opgiri,1
ka,oto bayra,1
ka,sia havadiru,1
ka,some,1
ka,subscribe to the channel,1
ka,tensor,1
ka,terezi shumai terezi shumai terezi shumai t,1
ka,the end,1
ka,tmo,1
ka,tите,1
ka,vain,1
ka,we article in newyork's more than online version of this,1
ka,www globalonenessproject org,1
ka,yordele,1
ka,е үзбе үзбе үзбе,1
ka,п fazlaoney 4k,1
ka,құбір құбір құбір құбір,1
ka,құдашаме қатаме қатаме қатаме,1
ka,үзбе ҭйбар үйбар яшқа үзбе үзб,1
ka,աստվանի այս ամեն այս ամեն այս ամ,1
ka,աստվանի է աստվանի է,1
ka,աստվանք է ամենք այդ հանդրանք է ո,1
ka,արհ է որ դա մեզ է որ կարյանկանք է,1
ka,բեáնա աիի գանի թըεԙ,1
ka,եզ է որ դա մեզ է,1
ka,եզ կանդրան մեզ հաստանք է,1
ka,են,1
ka,ես գոռ գոտք է քոլկեն ամեն օգնեց,1
ka,ես դտափանք է եւ ամեն եւ ամեն կանձան,1
ka,ես ինչ ինչ է մեզ կանդրան մեզ ստան,1
ka,խսվ հանկանք ինչ դիմ է ամենի է որ,1
ka,ձանք,1
ka,շատ մեզ հանկանք է որ փանձ է որ տ,1
ka,որ դա ամենի է որ դա ոռք է որ դա մ,1
ka,ս կյանը եւ ամեն օգնեց թսկանք օգնե,1
ka,ր ինչ է ամենք է մեր կանդրանք է,1
ka,ց քոտք է,1
ka,ք է այս ամեն այս եւ եւ ամեն ամեն կան,1
ka,ք է որ մեզ կանդրան մեզ կանդրան մ,1
ka,ა თუეწთსშ,1
ka,ანკნუ,1
ka,არ leviathan,1
ka,ას',1
ka,ახტხალენე,1
ka,აჺ ឋარ ឌぱაუე មიქტალ გა,1
ka,დაhh ვვი,1
ka,დაგის იცსამერიოი დამე,1
ka,ე ბა რა მაღვა მივა ალი,1
ka,ებეანსთბოენ,1
ka,ეგთე,1
ka,თხი რვსჩ ფვმა ბი თო ქიც,1
ka,იეს ჩინთვტენბუიღენრ,1
ka,იის,1
ka,ირივძ თეცა თერინი დალშ,1
ka,ის,1
ka,კირი წარრრ და შვტშუხუ,1
ka,ლიელიელიე,1
ka,ლფარიდფლი შუო ეშ ოქდ ა,1
ka,მიამანიო გემე მიებილფ,1
ka,მირისება ბირირისე გად,1
ka,ნიებინიადა,1
ka,საარა,1
ka,ტს ამოთინ,1
ka,ღევვე,1
ka,ღὰლში უდეწი მნდო უეჶა,1
ka,ყ,1
ka,ყ აქ ია არ აი ხა ობანიდ,1
ka,შახვევიენბოღენვგ ღა,1
ka,შეივე,1
ka,შეივე ემივე,1
ka,შეივე ენივე,1
ka,შვივი,1
ka,შიისისიი,1
ka,შოოის,1
ka,შსთობამნის,1
ka,შხბხბური შფრის შურის,1
ka,ჩაულიავლი,1
ka,წნბამინის,1
ka,ხjrhcusis,1
ka,ხღმეთმიდჯდ სღიეჟიერი,1
ka,ჸდმადდიჟიდი ლითიდა დი,1
ka,염 եւ tactical skirmish jam 새로 들וק,1
kk,carefully,1
kk,gur evne,1
kk,k aquellos overseas eventos kafque mo dumplings,1
kk,айтылдыған ұлтымыз,1
kk,алай ұлыңыз,1
kk,ап құрсыңыз,1
kk,арбайюшкентden менящі с уаққанын,1
kk,бəскеру носал барлық істекедің,1
kk,барбас,1
kk,бұл үлкенің ұлттыңыз,1
kk,бұл әкем құрындыңыз ұныстыңыз,1
kk,бұл әкем өзіне өте құрған қарай,1
kk,ды,1
kk,дыңыз,1
kk,дыңыз сіздің өзіне жүріп құрған,1
kk,дұрыс шығар айтқан құстыңыз көр,1
kk,елкен өзіне жақсыңыз,1
kk,жүрегі қолыңыздың бірінде өте ү,1
kk,жүрегі әкем өзіне жүріп құрған,1
kk,жүріңізді ұққа ұққа ұққа ұққа,1
kk,жұмыс құдайдыңыз,1
kk,және қарай және құрғын,1
kk,з,1
kk,зауар көптеген өгкендер білемін,1
kk,зіңдері өккенің жүріп,1
kk,кімер болыңыз түркінен қалай,1
kk,не көріп тұрғанды,1
kk,ойын,1
kk,ойықтық құрылап және құрылап жә,1
kk,рсыңыз,1
kk,рында құрындық,1
kk,сȇазажятки надат как зверь заң,1
kk,сәріпті өзіне бақыты ба,1
kk,сәріпті өзіне көп қалаймыз,1
kk,сәріпті өзіне қайымызды,1
kk,сәріпті өзіне қарайды құдайды,1
kk,те күніме қалай,1
kk,шін өте қолыңыздың бірінде,1
kk,ы қарайындағы және өзіп қараңа қ,1
kk,ыңыз бұл ғана ғана ғана,1
kk,із дейін жол айтапшылды,1
kk,іп әлімдер көріп әлімдер күріп,1
kk,қалай баған бұл үлкенің ұлттыңы,1
kk,қалай қалай,1
kk,қалай қалай әліп қалай,1
kk,қарай айтқаны қарай қалай бәріп,1
kk,қарай ған қандағын құрсыңыз,1
kk,қарай ғағын жақсы ұлтап жүріп ө,1
kk,қарай қайлай,1
kk,қарай қалай ол үшін құрған болды,1
kk,қақытырға құрсыңыз,1
kk,құлтаймыз,1
kk,құлтыңыз бірінде құлтыңыз,1
kk,құлтған құлтған құлтған құлтған,1
kk,құрбасын бұл үшін әріңіздер,1
kk,құрсыңыз бұл ғана ғанайын құрыс,1
kk,құрсыңыз бұл үшін үшін үшін ұлт,1
kk,құрсыңыз жүріңіз,1
kk,құрсыңыз құрсыңыз,1
kk,құрсыңыз құрысқаға ұлттыңыз,1
kk,құрсыңыз әлі емес үшін,1
kk,құрсыңыз әлі және әкем ұлтап құ,1
kk,құрсыңыз әліпті ұлттыңыз,1
kk,құрсыңыз әліптіңіз,1
kk,құрсыңыз әріңіздер,1
kk,құрсыңыз әріңіздеріңіз ұқсыңыз,1
kk,құрсыңызға қалаймыз,1
kk,құрсыңызға құрсыңызға,1
kk,құрылай бәріңіздердің құрылап қ,1
kk,құрындағы үшін әріп қалаймыз,1
kk,әлі жүріп және көріп жүріп келді,1
kk,әлімдер көріп,1
kk,әліп құдайдыңыз,1
kk,әліңдеріңіздер,1
kk,әліңдеріңіздеріңіздер,1
kk,әр күнде қарайындағы қарайындағ,1
kk,әрімерек әрімерек,1
kk,әріп қалаймыз,1
kk,әрің қалай айтындыңыз,1
kk,әрің қалай бұл және қарай сүріп,1
kk,әрің қалайыңыз,1
kk,әрің қағырылдың бәрі үшін әрің қ,1
kk,әрің қағырылдың бәрін әлі және,1
kk,әрің қиын қақырдыңыз,1
kk,әрің қызық құрындыңыз,1
kk,әріңдері жүрек жүрек өзірдіңіз,1
kk,әріңе және қалай қалай қалай,1
kk,әріңіздер әріңіздер әріңіздер,1
kk,әріңіздің бірінде әріңіздің құ,1
kk,әріңіңіздер,1
km,__________________________,1
km,________________________________________________________,1
km,alarms ringmilk,1
km,basketballresort com,1
km,channel,1
km,danke fürs zuschauen und bis zum nächsten mal,1
km,deixa louise claire,1
km,facebook,1
km,i'm busy thank you for watching,1
km,nampak kamu di sini subcribe like share and comment,1
km,nampanya zinbaran,1
km,please subscribe to my channel,1
km,please subscribe to our channel,1
km,please uploaded and shared with your friends in youtube or,1
km,r i p,1
km,samba words,1
km,sampai jumpa,1
km,sample from the movie,1
km,saute,1
km,seed ceiling,1
km,selamat menikmati,1
km,share this video with your friends on social media,1
km,sia true,1
km,sikh along,1
km,silikon,1
km,silikon bag,1
km,silikon film,1
km,silikon mold,1
km,sosok sosok sosok sosok sosok,1
km,subscribe to our channel,1
km,support me by subscribing,1
km,sẫn hyanh,1
km,terima kasih kepada security,1
km,thank you for watching if you like what you see please,1
km,thank you for watching our video if you like what you see,1
km,thank you for watching please subscribe,1
km,thank you for watching please subscribe to my channel,1
km,thank you for watching please subscribe to support my,1
km,thank you for watching please subscribe to support us,1
km,thank you for your support,1
km,video by desaparated,1
km,walmart ២ន ប ម ចជ ម រសទ ឌ,1
km,ειςอย าง lumps,1
km,చ కక క so notre,1
km,ಸಧಸ,1
km,අපන න ම,1
km,ඉනම ත ත පය අප ස ටම බ,1
km,ක ය ම ත ත ර අවශ ය හ,1
km,ක ර ම ත ත ර අවශ ය ස,1
km,කප න න ප ර මට ප ර මට,1
km,කරන ස ත ය,1
km,ත ත න ම ශ රණයක ප,1
km,තර,1
km,න ද කරන න ප රම ණ ම,1
km,න ස ද හ ම න බන ස ට,1
km,ප පය,1
km,ප ර මට ප ර මට ප ර මට,1
km,ම,1
km,ම ප රහන න ස ත යක කර,1
km,ම ර ස ස සර ස සර ස ප,1
km,ම ලක ප රද ව ත ලබ ම,1
km,ර මට ප ර මට ස ත ත ය,1
km,රද ව ත ය ද ව ත,1
km,වභ වක ස ටම ප රම ණය ව,1
km,ශ ර ප ර ට ස ව සමත ප,1
km,ස ත ය ස ත ය කර ණ,1
km,ขอ ท าไม ม ทางน คราม,1
km,ขอ บากครามท สางมาท,1
km,ขอบค ณท กคน,1
km,ขอบค ณส าหร บการกดต,1
km,ค าบ朴 کร บ ส าหร บ 들이 เผ,1
km,ดตาม นะคร บ บอส,1
km,มาทางน ขอ ท าไม ม ท,1
km,สางมาท,1
km,างน ขอ ท าไม ม ทางน,1
km,ក បចក ភ វ ម នកយ,1
km,ក រ ត រ ត រ រ,1
km,ង ដ រ,1
km,ង រ ង រ ច ស ច,1
km,ងក ត ន រ ងក ត ន រ,1
km,ងក ម,1
km,ងប រ ព រស រ រ,1
km,ច ត គរ ត ឡ,1
km,ឍសអ,1
km,ត ក យ ន យឆ យផ នៗ,1
km,ត ន តន រ ច ន ស រ ន,1
km,ត នកន ងស រ ងស នកនកយ,1
km,ត ប រ ហ សស រ ហ រ សរ,1
km,ត ម រ ត វ រ ម រ ត,1
km,ត រ រ លង ន ត ត រ រ,1
km,ទ ត ប ត ន ល រស ល រ,1
km,ទ ទ ទ,1
km,ន,1
km,ន គ ម រ រ ត រ យ,1
km,ន ង រ ន ល រ ន ប រ,1
km,ន ន ន ន ន ន,1
km,ន ន ន ប រ ប ន ល រ ប,1
km,ន ន រ,1
km,ន ព ត រ ន ន រ,1
km,ន ម,1
km,ន ម រ ចត ត រ ប ន,1
km,ប ក ន បន ន តន ន ន ប,1
km,ប ងក ល ងន ត រ ង រ យ,1
km,ប ត ត សក ឥ ម សងតផ រ,1
km,ប ត រ ន រ ត ល ត ល ត,1
km,ប ត រ ន រ ត ស រ ត,1
km,ប ន ត រ ន ច ស ប,1
km,ប ន តន ន ន ន ន រ ប,1
km,ប ន ប ន ប ប ប ន ប ន,1
km,ប ប យជ សច ជច បក,1
km,ប បស រ ង រ ប រ ប រ,1
km,ប រ នង ន នងស រ រ,1
km,ប ល ប នប ន ន ត រ ត,1
km,ប ស ក រ ង រ ទ ក,1
km,ប សស រ ងស រ ស រ ត,1
km,ព កខ ងន រ ញ មវ ខ,1
km,យអ រ យ,1
km,រ,1
km,រ ក ស ល ម រ ស រ,1
km,រ ត ត ង,1
km,រ ន រ ន រ ន រ ន រ,1
km,រ ម រ ក ន រ ក រ ន ម,1
km,ល រ ង រ រ ដ ទ ន ន,1
km,ស តន រ រ ត ងស រ ស,1
km,ស តន រ រ ស ត រ,1
km,ស រ ក រ ម រ ទ រ ត រ,1
km,ស រ ចត ត រ ប ន ន,1
km,ស រ ន ត រ ន ត រ ន,1
km,ស រ ន ត រ ន ន ន,1
km,ស រ ន ន ប ប រ រ ន ន,1
km,ស រ រ ង ក នជ ត រក ន,1
km,សម ប រ ច ន រ ម រ ន,1
km,អ,1
km,អ ក កន ស កឤ ន រ គ,1
km,អ ន តន ត រ ន ន,1
km,អ សម យរ រ ច ន ងក រ,1
km,អ សស រ ន រ ន រ ន រ,1
km,ền hi taylor,1
km,所有乘客必须留在楼上 楼梯和下降位,1
km,请注意 轮舱将很快就会下降 为了您的安全,1
km,긍อ,1
kn,தல லந,1
kn,பதகதலப படதல லந தர த,1
kn,ல லந பரவ சதல லந வர,1
kn,ಅತರ ಗಳ ಬಳ ಕ ದ,1
kn,ಅದ ದ ದ ರ ಕ ಡ ಸ ಟ ನ,1
kn,ಅದ ದ ದ ರ ಕ ಡ ಸ ವ ರ,1
kn,ಅದ ದ ದ ರ ಕ ಪ ಪ ಸ ತ,1
kn,ಅದ ದ ದ ರ ಕ ಯಲ ಲ ಮ ಡ,1
kn,ಅದ ದ ದ ರ ಕ ಯಲ ಸ ಯ,1
kn,ಅದ ದ ದ ರ ಕ ರ ಡ ಗ ಬ,1
kn,ಅದ ದ ದ ಸ ವ ಕ ರ ಗ ಬ,1
kn,ಅದ ದ ದ ಸ ವ ಕ ರವ ಗ ಸ,1
kn,ಅದ ದ ದ ಸ ವ ರ ಣ ಗ ಪ,1
kn,ಅದ ದ ಧ ಸ ವ ಗ ಸ ದ ದ,1
kn,ಅದ ವ ಗ ಬ ಟ ವ ದ ದ ಬ,1
kn,ಅದರ ಗ ಬ ದ ಸ ವಜ ಕ,1
kn,ಅವರ ಮ ಡ ಕ ಸ ವ ಗ ಗ,1
kn,ಇದ ನ ಕ ದ ಮ ಕರ ಗ ಪ,1
kn,ಇದ ನ ಕ ದ ಮ ಸ ನ ನ ಬ,1
kn,ಇದ ನ ಕ ದ ಮ ಸ ನ ಸ ರ,1
kn,ಇಸ ಕ ಸ ಸ ದ ರ ಗಲ ಲ ಮ,1
kn,ಎ ಟರ ನ ವ ಕ ನ ಯ ಗ ಸ,1
kn,ಎಲ ಲ ಬ ರ ಗ ಮ ಡ ಕ ಬ,1
kn,ಎಸ ಗ ಸ ಎಸ ಗ,1
kn,ಎಸ ತ ಯ ಗ ತ ತ ದ ದ ನ,1
kn,ಕ ಅಚ ಚ ಕ ಕ ಸ ರ ಗಳ,1
kn,ಕ ಇದ ಮ ಡ ಕ,1
kn,ಕ ಕ ಡ ಸ ರ ವ ಗ ಸ ತ,1
kn,ಕ ಕ ಬ ತ ಸ ದ ದ ಬಳ ಳ,1
kn,ಕ ಕ ವ ಟ ಸ ಕ ಗ ಸ ಕ,1
kn,ಕ ಗ ಳ ಗ ಸ ವ ರ ಗ ಯ,1
kn,ಕ ಟ ಟ ನ ನ ಮ ಡ ಕ ತ,1
kn,ಕ ಟ ಟ ನ ನ ಮ ತ ಕ ಟ,1
kn,ಕ ಟ ಟ ನ ನ ಮ ತ ತ ಅದರ,1
kn,ಕ ಟ ಟ ನ ನ ಮ ತ ತ ಸ ರ,1
kn,ಕ ಟ ಟ ನ ನ ಮ ತ ತ ಹ ಳ,1
kn,ಕ ಟ ಟ ನ ನ ಮ ದ ಕ ಟ,1
kn,ಕ ಟ ಟ ನ ನ ಮ ದಲ ಲ ಬ,1
kn,ಕ ಟ ಟ ನ ನ ಮ ನ ಕ ಬಲ,1
kn,ಕ ಟ ಟ ನ ನ ಸ ರ ಭ ಗ,1
kn,ಕ ಟ ಟ ಬ ಲ ಆನ ತ ಹ ಳ,1
kn,ಕ ಟ ಟ ವ ಟ ಟ ಸ ವ ಜ ಕ,1
kn,ಕ ಟ ಟ ಸ ಗಳ ವ ಗ,1
kn,ಕ ಟರ ನ ವ ಕ ಟರ ನ,1
kn,ಕ ಡ ಗ ಕ ಡ ಗ ಕ ಡ,1
kn,ಕ ಡ ತ ತ ದ ದ ಮ ಗ ವರ,1
kn,ಕ ಡ ಲ ಮ ಡ ಕ ಸ ವರ ಸ,1
kn,ಕ ನ ಯ ವ ಸ ತ ದ ದ ಕ,1
kn,ಕ ಬ ಕ,1
kn,ಕ ಮ ಡ ವ ಗ ಸ ತ,1
kn,ಕ ರ ಗ,1
kn,ಕ ಳ ಕ ಕ ಡ ವನ ನ ಪ ರ,1
kn,ಕ ವ ಟ ಸ ಕ ಗ ಪ ರಸ ತ,1
kn,ಕ ವನ ನ ಕ ಟ ಟ ಗ ಸ ವ,1
kn,ಕ ವನ ನ ಸ ವ ಜ ನ ಯಲ,1
kn,ಕ ವನ ನ ಸ ವ ಜ ನ ಯಲ ಲ,1
kn,ಕ ಷರಲ ಲ,1
kn,ಕ ಷರಲ ಲ ಸ ರ ಗ ಸ ಕ ಷ,1
kn,ಕದ ನ ನ ಸ ವ ಜಲ ಗ,1
kn,ಕಲ ಲ ಸ ನ ನ ಅದ ವ ಗ ನ,1
kn,ಕಳನ ನ ಮ ಡ ಸ ತ ಮ ಡ,1
kn,ಗ,1
kn,ಗ ಅದ ವ ಗ ನ ನ ಸ ರ ಮ,1
kn,ಗ ಕ ಟ ಟ ನ ನ ಕ ಳ ಕ,1
kn,ಗ ಕ ಡ ಗ ಕ ಡ ಗ ಕ,1
kn,ಗ ಗ,1
kn,ಗ ಗ ಸ ವ ಗ ಗ ಬ ಕ ವನ,1
kn,ಗ ಚ ಸ ಸ ಥ ಕ ಕ ಗ ಅವ,1
kn,ಗ ತ ತ ದ ದ,1
kn,ಗ ನ ನ ಸ ಯದ ಗ ನ ನ ಸ,1
kn,ಗ ನ ಬ ಗ ಬ ಡ ನ ವ ಸ ದ,1
kn,ಗ ನ ಸ ಟ,1
kn,ಗ ಪ ರ ಕ ಬ ಕ ಕ ಟ ಟ,1
kn,ಗ ಪ ರಸ ಕಳ ನ ಕ ನ ಮ ಕ,1
kn,ಗ ಬ ಗ ಯ ಗ ಗ ಮ ಡ ಕ ಸ,1
kn,ಗ ಬಲ ಲ ಗಳ ಬನ ನ ಸ ಭ,1
kn,ಗ ಮ ಟ ಲ ವ ಸ ತ ಮ ಗ,1
kn,ಗ ಮ ತ ಬ ಗ,1
kn,ಗ ಯ ಮ ತರ ಗ,1
kn,ಗ ವ ದ ದ ಮ ಡ ಗಳ ಗ ನ,1
kn,ಗ ವ ದ ದ ರ ವ ಸ ಗ ಸ ದ,1
kn,ಗ ಸ ಕ ಗ ಸ ಕ ಗ ಸ ಕ ಗ,1
kn,ಗ ಸ ತ ದ ದ ಸ ವ ಗ ಸ ತ,1
kn,ಗ ಸ ತ ಮ ಡ ಕ,1
kn,ಗ ಸ ದ ದ,1
kn,ಗ ಸ ರ ಗ ಸ ರ ಗ ಸ ರ,1
kn,ಗ ಸ ವ ಕ ರ ಗ ಸ ವ ಕ,1
kn,ಗ ಸ ವ ಸ ಕ ರ ಗ ಸ ವ ಸ,1
kn,ಗ ಸ ವನ ನ ಸ ವತ ರ ಗ ಸ,1
kn,ಗಳ ಗ ಸ ವ ಗಳ ಗ,1
kn,ಗಳ ದ ದ ಬ ಕ ಕ ನ ವನ,1
kn,ಗಳ ನ ಚ ನ ಸ ತದ,1
kn,ಚ ಯದ ದ ರ,1
kn,ಜಮ ಸ ದ ದ ಸ ವ ಸ ದ ದ,1
kn,ಟ ಕ ಟ ಟ ಸ ವ ಗ ಗ,1
kn,ಟ ಟ ಕ ಟ ಟ,1
kn,ಟ ಟ ಸ ಕ ಯ ಗ ಗ ಸ ಎಸ,1
kn,ಟ ನ ನ ಮ ಡ ಕ ಗ,1
kn,ಟ ನ ನ ಮ ಡ ಕ ಗ ಬ ಲ ಯ,1
kn,ಟ ನ ನ ಮ ಡ ಸ ಕ,1
kn,ಟ ನ ಸ ವ ಕರ ನ ನ ಕ ಡ,1
kn,ಟ ವ ದ ದ ಸ ಎಸ ಯ ನ ಸ ಎ,1
kn,ಟ ಸ ತ ದ ದ ಬ ಕ ಕ ರ ಗ,1
kn,ಟ ಸ ವ ಸ ಟ ಸ ವ ಸ ಟ ಸ,1
kn,ಡ ಕ ಸ ವ ಗ ಗ ಸ ವ ಗ,1
kn,ಡ ಗ,1
kn,ಡ ಗ ಕ ಡ ಗ ಕ ಡ ಗ ಕ,1
kn,ಡ ನ ವ ಸ ದ,1
kn,ಡ ನ ವ ಸ ದಲ ಲ ಸ ಯದ,1
kn,ಡ ಬ ಗ ವ ದ ದ,1
kn,ಡ ಲ ಸ ವ ಕ ರ ಗ ಮ ಡ ಲ,1
kn,ಡ ಲ ಸ ವ ಗಳ ಗ ಸ ವ,1
kn,ಡ ಸ ತ ನ ನ ಸ ವ ಗ ದ,1
kn,ತ ತ ದ ದ,1
kn,ತ ತ ದ ದ ಮ ತರ ಗ ಬ,1
kn,ತ ನ ವ ಸ ದ,1
kn,ತ ಮ ನ ಗಳ ವ ದ ಬ ರ ಬ,1
kn,ತ ರ ಕ ಕ ಟ ಟ ಗ ಗ,1
kn,ತ ವ,1
kn,ತ ವ ಗ ದ ಯ,1
kn,ತ ವ ದ ವ ಕ ಸ ಸ ತ ಬರ,1
kn,ದ ಇದ ಹ ಡ ವ ದ ದ ನ,1
kn,ದ ಕ ಟ ಟ ನ ನ ನ ಮ ತ,1
kn,ದ ಕ ಟ ಟ ಬ ಗ ಗ ಸ,1
kn,ದ ಕ ಪ ಪರ ಸ ಥ ನ ನ ಮ,1
kn,ದ ಗ ಮ ಡ ಸ,1
kn,ದ ದ ತ ರ ಯ ಗ ಸ ದ ದ,1
kn,ದ ದ ನ ಸ ರ ಯವ ತ ತ ದ,1
kn,ದ ದ ರ,1
kn,ದ ದ ರ ಸ ವ ರ ಗ ಸ ತ ದ,1
kn,ದ ದ ಸ ರ ಗ ಕ ಟ ಸ ರ,1
kn,ದ ದ ಸ ವ ಗ ಸ ತ ದ ದ ಸ,1
kn,ದ ದ ಸ ವ ಹ ರ ಸ ದ ದ ಹ,1
kn,ದ ನ,1
kn,ದ ನ ಯ ಕ ಬ ದ ಅದನ ನ,1
kn,ದ ನ ವ ಕಳ ತ ತದ ನ ವ ಗ,1
kn,ದ ನ ವ ಕಳ ತ ತದ ಬಹ ಗ,1
kn,ದ ನ ವ ಸ ದ,1
kn,ದ ನ ವ ಸ ದಲ ಲ ಸ ಯದ,1
kn,ದ ರ,1
kn,ದ ರ ಗ ಸ ವ ಸ ವರ ಗಳ,1
kn,ದ ಸ ರ ವ ಸ ಸ ದ ದ ಸ,1
kn,ದ ಸ ವ ಗ ಸ ತ ದ ದ ಸ,1
kn,ದ ಹ ದ ಸ ವ ಗ ದ ದ ಸ,1
kn,ದರ ಗಳ ಮ ತ ಪರ ಗಳ ಮ ತ,1
kn,ದರ ಸ ವ ಸ ಕ ದರ ಸ,1
kn,ಧ ಗ ಸ ಧ ಗ ಸ ವ ರ ಗ,1
kn,ನ ಕ ಟ ಟ ಗ ಸ ವ ಗ ಗ,1
kn,ನ ಕ ಡ ಬ ಗ ಗಳನ ನ,1
kn,ನ ಗ ಕ ಡಲ ಲ ಅನ ವ,1
kn,ನ ಬ ಕ ಕ ಗ ಕ ಡ ವ ಸ,1
kn,ನ ವ ಕ ಟ ಟ ಕ ಟ ಟ ಕ,1
kn,ನ ವ ಸ ವರ ಗಳನ ನ ಮ ಶ,1
kn,ನ ವನ ನ ಸ ವ ರ ಸ ತ ದ,1
kn,ನ ಸ ಎಸ ನ ನ ಮ ಡ ವ ದ,1
kn,ನ ಸ ದ ದ ಗ ವ ರಕ ಸ ದ,1
kn,ನ ಸ ರ ಗಳ ದ ದ ನ ವನ,1
kn,ನ ಸ ರ ಮ ತ ತ ದ ದ ಬ,1
kn,ನ ಸ ರ ವನ ನ,1
kn,ನ ಸ ರ ವನ ನ ಸ ರ ವನ,1
kn,ನ ಸ ವ ರ ಗಳ ದ ದ ಬ ಕ,1
kn,ನ ಹ ಕ ಕ ದ ಸ ಮ ಕ ರ ಗ,1
kn,ಪ ರ ಚ ಕ ಕ ವ ಟ ಸ ಕ ಗ,1
kn,ಪ ರ ಚ ಕ ಸ ಎಸ ಆಗ ಸ ತ,1
kn,ಪ ರವಸ ಥ ಗ ಗ,1
kn,ಪ ರಸ ಸ ಗ ಮ ಗ ಇಲ ಲ ಸ,1
kn,ಪರ ಗಳ ಮ ತ ಪರ ಗಳ ಸ,1
kn,ಪರ ಗಳ ಸ ದರ ಗಳ,1
kn,ಬ ಎಸ ಮ ಲ ಬ ಚ ಬ ಕ,1
kn,ಬ ಕ ಕ ಗ ಬ ಲ ಸ ತ ವ ಜ,1
kn,ಬ ಕ ಬ ಕ ಬ ಕ ಬ,1
kn,ಬ ಕ ಸ ದ ದ ನ ಕ ಟ ಟ ಸ,1
kn,ಬ ಗ ಗಳನ ನ ನ ಸ ಸ ತ,1
kn,ಬ ಗ ಸ ನ ವ ಬ ಗ ಸ,1
kn,ಬ ಗ ಸ ವರಣ ಸ ತ ದ ದ ನ,1
kn,ಬ ಗಳ ಗ ಕ ಟ ಟ ಗ ಬ,1
kn,ಬ ಡ ಸ ದ ದರ ಕ ಡ ಸ,1
kn,ಬ ತ ಸ ರ ವ ಗ ಗ ಬ ದ,1
kn,ಬ ದ ಅದನ ನ ಮ ತರ ಗ,1
kn,ಬ ದ ದ ದ ಬ ದ ದ ದ,1
kn,ಬ ದ ಸ ದ ಸ ಸ ಥ ಕ ನ ಯಲ,1
kn,ಬ ದ ಸ ನ ನ ಮ ತ ರ ಕ,1
kn,ಬ ಯ ದ ಗ ಸ ವ ಸ ದ ದ ರ,1
kn,ಬ ಯಲ ಲ ಗ ಳ ಯ ಕ ಕ ರ,1
kn,ಬ ಯವ ದಲ ಲ ಸ ವ ರ ಯ ಲ,1
kn,ಬ ರ ಕ ರಣ ನ ಗ ಬ ರ ಗಳ,1
kn,ಬ ರ ಗ ಬ ರ ಗ,1
kn,ಬ ರ ಗಳ ಕ ಕ ಡ ಸ ರ ವ,1
kn,ಬ ರ ಗಳ ತ ತ ಮ ರ ಕ ಕ,1
kn,ಬ ರ ತ ನ ಸ ವ ಕ ಷಣದ ರ,1
kn,ಬ ರ ಸ ತ,1
kn,ಬ ಸ ಕ ಅಭ ಕ ಕ ಕ ಟ ಟ,1
kn,ಬ ಸ ಕ ಅಭ ಕ ಕ ಟ ಟ ನ ನ,1
kn,ಬ ಸ ಕ ಅಭ ಕ ಸಚ ನ ಕ,1
kn,ಬ ಸ ಕ ಅಭ ಗ ಇದ ಸಹ ಸ,1
kn,ಬ ಸ ಕ ಆಭ ಕ ಇಲ ಲ ಗಳ,1
kn,ಬ ಸ ಕ ಕ ಟ ಟ ನ ನ ಸಮಸ,1
kn,ಬ ಸ ಕ ಕ ಟ ಟ ಬ ಸ ಕ,1
kn,ಬರಸ ನಲ ಲ ಬ ಯಲ ಲ ಸ ರ,1
kn,ಬಲ ಲ ಕ ಬ ಯಲ ಲ,1
kn,ಮ ಕನ ಅವರ ನ ವ ನ ದ,1
kn,ಮ ಡ,1
kn,ಮ ಡ ಕ ಬ ರ ಕ ರಣ ನ ಗ,1
kn,ಮ ಡ ಕ ಬ ರ ಗ ಯಲ ಲ ಬ,1
kn,ಮ ಡ ಕ ಬ ಲ,1
kn,ಮ ಡ ವ ದ ದ,1
kn,ಮ ತರ ಗ ಬಹ ಗ ತ ತದ,1
kn,ಮ ತಲ ಲ ಕ ನ ನ ಬ ಲ ಯಲ,1
kn,ಮ ದ ಕ ಟ ಟ ಮ ರ ಯ ಕ,1
kn,ಮ ದ ಕ ಟರ ನ ನ ಕ ರ ಚ,1
kn,ಮ ಮ ಸ ಪ ದ ದ ನ ಮ ಡ ವ,1
kn,ಯ ಗ,1
kn,ಯ ತ ತ ಮ ಸ ರ ವನ ನ,1
kn,ಯ ದ ದ,1
kn,ಯ ನ ನ ಕ ಟ ಟ,1
kn,ಯ ನ ನ ಸ ಸ ವ ಕ ಷಣದ,1
kn,ಯ ಸ ದ ದ ಸ ರ ವ ಸ ಸ ದ,1
kn,ಯವ ಜಮ ಸ ದ ದ,1
kn,ರ ಕ ಟ ಟ ಬ ಡ ಗ ಬ ರ,1
kn,ರ ಕ ರ ಲ ಲ ಸ ತ,1
kn,ರ ಕ ಸ ದ ದ ನ ಸ ವರ ಗ,1
kn,ರ ಗ,1
kn,ರ ಗ ನ ವ,1
kn,ರ ಗ ಮ ಕರ ಗ ಬಳ ಕ ಕ ವ,1
kn,ರ ಗ ಮ ಡ ಲ ಸ ವ ಕ ರ,1
kn,ರ ಗ ಯಲ ಲ ಬ ರ ಗ ಯಲ,1
kn,ರ ಗ ಯಲ ಲ ಬ ರ ಗ ಯಲ ಲ,1
kn,ರ ಗ ಸ ವ ಕ ರ ಗ ಸ ವ ಕ,1
kn,ರ ಗ ಸ ವ ಸ ಕ ರ ಗ ಸ,1
kn,ರ ಗಳ ಜ ಕ ಕ ಮ ರ ಕ ಕ,1
kn,ರ ಗಳ ಮ ತ ಪರ ಗಳ ಮ ತ,1
kn,ರ ಬ ರ ಗ ಗ ಮ ಗ ವರ ಸ,1
kn,ರ ಯ ದ ಗ ಸ ತದ ಇದ ಮ ಡ,1
kn,ರ ಯ ದ ದ ದ ಸ ವ ಕ ರ ಗ,1
kn,ರ ವ ವ ಶ ವನ ನ ಆಕ ಕ ರ,1
kn,ರ ವ ಸ ಸ ದ ದ ಸ ರ ವ ಸ,1
kn,ರ ಶ ತ ತ ರ,1
kn,ರ ಸ ತ ದ ದ ಸ ವ ರ ಸ ತ,1
kn,ರ ಸ ವ ಸ ಕ ದರ,1
kn,ರಲ ಲ ಸ ರ ಗ ಸ ರ ಗ ಸ,1
kn,ರಸ ಕಳ ಮ ಕರ ಗ ಮ ಕರ,1
kn,ಲ ನ ಯಲ ಲ ಸ ರ ಯವ ತ ತ,1
kn,ಲ ಬ ಗ ಗಳನ ನ ನ ಸ,1
kn,ಲ ಯ ದ ದ ರ ಮ ನ ಕ ಪ ರ,1
kn,ಲ ರ ನ ನ ಮ ಡ ಕ,1
kn,ಲ ಲ ಮ ಡ ಕ ವ ಸ ರ ಯಲ ಲ,1
kn,ಲ ಲ ಸ ಯದ ಗ ನ ಬ ಗ ನ,1
kn,ಲ ಸ ಗ ಸಲ ಮ ಡ ಸ ಗ,1
kn,ಲ ಸ ಥ ಕ ಣ ಯಲ ಲ ಮ ಡ,1
kn,ಲ ಸ ರ ಗ ಸ ಸ ಕ ಸ ಟ ರ,1
kn,ಳ ಕ ಡ ಸ ಹ ಳ ಗ ದ ಸ,1
kn,ಳ ಗ ಸ ವ ರ ಗಳ ಸ ವ ರ,1
kn,ಳ ದ ದ ಹ ಳ ದ ದ ಹ ಳ,1
kn,ಳನ ನ ನ ಕ ದ ಸ ರ ಗಳನ,1
kn,ವ ಕ ರ ಗ ದ ದ ಸ ವ ಕ,1
kn,ವ ಕ ರ ಗ ಮ ಡ ಲ ಸ ವ ಕ,1
kn,ವ ಕ ಷಣದ ರ,1
kn,ವ ಗ ಗ ಸ ವ ಗ ಗ ಸ ವ,1
kn,ವ ಗ ದ ದ,1
kn,ವ ದ ದ ಮ ರ ಕ ರಣ ಯಲ ಲ,1
kn,ವ ಸ ಎಸ ಬ ವ ರಯನ ನ ಮತ,1
kn,ವ ಸ ಕ ದರ ಸ ವ ಸ ಕ,1
kn,ವ ಸ ಕ ರ ಗ ಸ ವ ಸ ಕ ರ,1
kn,ವ ಸ ಟ ಸ ವ ಸ ಟ ತ ರ,1
kn,ವ ಸ ತ ತ ಗ ಗ,1
kn,ವ ಸ ವ ಸ ಟ,1
kn,ವದ,1
kn,ವನ ನ ಸ ವನ ನ ಸ ವನ ನ,1
kn,ವರ ಗಳ ಅವರ ಸ ಮ ರಕ ಸ,1
kn,ವರ ಪ ರ ಯಬಲ ಲ,1
kn,ವರ ಯ ಕ ಕ ದಲ ಲ ಮ ನ,1
kn,ವರ ಯವ ಜಮ ಸ ದ ದ ಸ ವರ,1
kn,ಷ ಯ ಕ ದ ದ,1
kn,ಷಣದ ರ ಸ ವ ಕ ಷಣ ದರ ಸ,1
kn,ಸ ಕ ಕ ಕ ನ ನ ಪ ರಸ ತ,1
kn,ಸ ಕ ಕಳ ನ ನ ಪಲಸ ಕ ಹ,1
kn,ಸ ಕ ಸ ಟ,1
kn,ಸ ಕರ ಕ,1
kn,ಸ ಕಳ ನ ಕ ನ ಅದನ ನ ಪ,1
kn,ಸ ಗ ಗ ಸ ರ ಗ,1
kn,ಸ ಜ ಸ ಕ ಕ ಗ ತ ತ ಮ ಚ,1
kn,ಸ ಟ ನ,1
kn,ಸ ಡ ಯ ಗ ಮ ಡ ಕ ತ ಸ,1
kn,ಸ ತ,1
kn,ಸ ತ ದ ದ ಸ ವ ಗ ಸ ತ,1
kn,ಸ ತ ನ ಸ ರ ವ ಗ ದಲ ಲ,1
kn,ಸ ತ ಮ ಡ ಸ ತ ಸಹ ವ ಕ,1
kn,ಸ ದ ಗ ಗಳ ಬ ಕ ಸ ಟ,1
kn,ಸ ದ ಗ ಸ ತ ದ ದ ಸ ವ,1
kn,ಸ ದ ದ,1
kn,ಸ ದ ದ ನ,1
kn,ಸ ದ ದ ರ ಮ ರ ಚ ಸ ದ,1
kn,ಸ ದ ದ ಸ ರ ವ ಸ ಸ ದ ದ,1
kn,ಸ ದ ದಲ ಲ ಮ ಗ ಯ ವನ,1
kn,ಸ ದ ಧ ರ ಗ ಪ ರಸ ತ ಗಳ,1
kn,ಸ ದರ ಗಳ ಸ ರ ವ ಕ ಕ,1
kn,ಸ ದಲ ಲ,1
kn,ಸ ನ ಸ ದ ದ ರ,1
kn,ಸ ಪ ರ ಗ ರ ವಲ ಲ ಸ ನ,1
kn,ಸ ಮ ಸ ಟ ರ ಗ ಸ ಸ ವ ರ,1
kn,ಸ ಯ ನ ನ ವ ಸ ಯ ರ ಗ ಕ,1
kn,ಸ ಯಲ ಲ ಸ ವ ಕ ರ ಗ ಮ,1
kn,ಸ ರ ಗ ಪ ರ ಜ ಯ ಗ ದ ಸ,1
kn,ಸ ರ ಗ ರ ಗ ದ ಸ ವರ ಗ,1
kn,ಸ ರ ವ ಸ ಸ ದ ದ ಸ ರ,1
kn,ಸ ವ ಕ ಕರ ಗಳ ನ ಮ ಸ ಕ,1
kn,ಸ ವ ಕ ರ ಗ ಬ ರ ಯದ ಸ,1
kn,ಸ ವ ಕ ರ ಗ ಮ ಡ ಲ ಸ,1
kn,ಸ ವ ಕ ಷಣದ ರ ಸ ವ ಕ,1
kn,ಸ ವ ಗ ಅಗ ಸ ದ ದ ಹ ದ,1
kn,ಸ ವ ಗ ಗ,1
kn,ಸ ವ ಗ ದ ದ ಪ ರ ಜ ದ,1
kn,ಸ ವ ಗ ಸ ತ ದ ದ ಸ ವ ಗ,1
kn,ಸ ವ ಗಳ ಗ ಸ ವ ಗಳ ಗ ಕ,1
kn,ಸ ವ ಗಳಲ ಲ ಪ ರಸ ತ ಕ,1
kn,ಸ ವ ರ ಸ ತ ದ ದ ಸ ವ,1
kn,ಸ ವ ರ ಸ ದ ದ ಮ ಡ ಕ ಮ,1
kn,ಸ ವ ರಕ ನ ಮ ಡ ಸ ದ ದ,1
kn,ಸ ವ ವಷ ರ ಕ,1
kn,ಸ ವ ಸ ಕ ದರ ಸ ವ ಸ ಕ,1
kn,ಸ ವ ಸ ಕ ರ ಗ ಸ ವ ಸ ಕ,1
kn,ಸ ವ ಸ ಟ ತ ರ ವ ಸ ವ ಸ,1
kn,ಸ ವ ಸ ದ ದ ಸ ವ ರ ಯವ,1
kn,ಸ ವನ ನ ಸ ವನ ನ,1
kn,ಸ ವರ ಗ,1
kn,ಸ ವರ ಯವ ಜಮ ಸ ದ ದ ಸ,1
kn,ಸ ವರಣ ಸ ತ ದ ದ ನ ನ,1
kn,ಸ ಸ ಟ ರ,1
kn,ಸ ಸ ತ ನ ಸ ರ ವ ಗ ದಲ,1
kn,ಸ ಸ ದ ದ ಕ ಟ ಸ ಸ ಸ,1
kn,ಸಲ ಮ ಡ ಸ ಗ ಯಲ ಪರ,1
kn,ಸಲ ಲ ಮ ತ ತ ದ ದ ನ ಬ,1
kn,ಸಲ ಲ ಮ ರ ಕ ಕ ಸಲ ಲ,1
ko,mbc 뉴스 김재경입니다,1
ko,겠습니다,1
ko,구독 부탁드려요,1
ko,구독과 좋아요 부탁드려요,1
ko,구독과 좋아요는 사랑입니다,1
ko,그래서 제가 오늘 영상에 대해서 설명을 드,1
ko,다시 한번 감사드립니다,1
ko,다음 영상에서 만나요,1
ko,부탁드려요,1
ko,쉬운 것 같아요,1
ko,시청해주셔서 감사합니다 구독 좋아요 댓글,1
ko,여러분 안녕하세요 저는 지금 가만히 앉아,1
ko,영상편집 및 자막을 사용하였습니다,1
ko,오늘도 시청해주셔서 감사합니다,1
ko,오늘도 영상 봐주셔서 감사합니다,1
ko,오늘도 영상 봐주셔서 감사합니다 구독과,1
ko,오늘도 영상 봐주셔서 감사합니다 좋아요와,1
ko,이 영상은 유료광고를 포함하고 있습니다,1
ko,이거 진짜 맛있다,1
ko,이제 다시 한번 더,1
ko,있고 있는데요,1
ko,자막제작 기획 앤디 퀸즈,1
ko,좋아요 부탁드려요,1
ko,지금 제가 많이 찍은 영상이 많아서 많이 아,1
ko,채널 구독 부탁드립니다,1
la,'s a big help to me thank you for watching,1
la,anyway students and fellow students all matured,1
la,ciao,1
la,city of the sea 作詞 作曲 編曲 井上 優,1
la,danke fürs zuschauen,1
la,diolch yn fawr am wylio'r fideo,1
la,dū하나,1
la,el mohino,1
la,fok,1
la,helps me to make better videos for you,1
la,hero,1
la,hk,1
la,i'm getting all sleepy,1
la,installerd linkedin tim agua de,1
la,is a big help to me,1
la,lmao,1
la,may i have your attention please the ferry will be docking,1
la,o,1
la,ok,1
la,onبي는새로운계정의 효과를 내기를 바,1
la,ooo,1
la,pobre pobre pobre pobre,1
la,share this video to your friends on social media,1
la,share this video with your friends on social media,1
la,share this video with your friends on social media it,1
la,shortly for your safety all passengers are to remain off,1
la,snowman,1
la,some day learn the gcm here cause it's not a very peacef,1
la,stairs ramps and landings until the next train,1
la,steal sob this sound,1
la,sync by thebetta,1
la,thank you for watching,1
la,thank you for watching please subscribe,1
la,thank you for watching please subscribe to my channel,1
la,that's all folks,1
la,they're coming,1
la,this is the end of the video thank you for watching,1
la,ul place,1
la,um,1
la,www flydreamers com,1
la,www mooji org,1
la,αὐτῶν ἀνέμῃ ἀνέμῃ ἀνέμῃ ἀνέ,1
la,μῃ ἀνέμῃ,1
la,ветланы и федорова,1
la,добро пожаловать на канал,1
la,субтитры для нас а также для с,1
la,субтитры предоставил dimatorzok,1
la,субтитры предоставлены семеном,1
la,ត រ ន ជ,1
la,ន,1
la,ន ម ន រ ម ន រ រ ន,1
la,ន ម ន រ រ រ,1
la,ប ប ន ស រ ន ស រ ន ស,1
la,រ ន ស រ ន ស រ ន ស រ,1
la,រ នស រ បស រ,1
la,ស ដ ហត ត ល ម ន រ ញ,1
la,ស ន ត រ ន ន ត រ ន,1
la,ស ន ន ន ន ន ន រ ន,1
la,ស ន ន ន ន ន ន រ ន ជ,1
la,អ ន នស រ ស ត គ រ ប,1
la,します,1
la,ギャルでお送りします ギャルでお送り,1
la,タイムアップ,1
la,作詞 作曲 井上 優 編曲 井上 優,1
la,係咁 我哋睇下次嘅片,1
la,县城三on chengxing three,1
la,咁 我哋睇下次嘅片,1
la,多謝您收睇時局新聞 再會,1
la,多謝您的觀看 再會,1
la,尚且待機 請勿操作,1
la,尽管 我们的决定是什么,1
la,尽管 这些人的身体状况并不太好 但他们的,1
la,此一切都是我個人的 心願,1
la,無線電話互聯網公開通話 所以無線電話互聯,1
la,的小鈴鐺 才能收到最新消息喔,1
la,的频道哦,1
la,網通話無線電話互聯網通話,1
la,請別忘了分享出去並按一個讚 並訂閱我們的,1
la,请大家多多支持我们的频道哦 欢迎订阅我们,1
la,谢谢观看 下次见,1
la,身体并不太好 因此 他们将会受到很大的影响,1
la,这些人是什么人,1
la,順便ご視聴ありがとうございました,1
la,頻道 才能收到最新消息喔 並且記得打開旁邊,1
la,驚嘆音,1
la,니다,1
lb,aanzwellen,1
lb,abonnez vous à ma chaine pour plus de vidéos,1
lb,abonnez vous à ma chaîne pour plus de vidéos,1
lb,agez la chaîne merci,1
lb,autres vidéos,1
lb,bedankt voor het kijken,1
lb,bonne journée,1
lb,bordeur de la rue de la bourse,1
lb,dank voor het kijken,1
lb,danke fürs zuschauen und bis zum nächsten video,1
lb,de handelskamp,1
lb,en abonneer je op dit kanaal,1
lb,en dan,1
lb,en dan is het de volgende keer een beetje moeilijk,1
lb,en dan is het de vrouw als het gekomen,1
lb,en dan is het de vrouw alweer klaar,1
lb,en dan is het de vrouw erbij,1
lb,en dan is het er alles klaar,1
lb,en dan is het er een nieuwe aflevering,1
lb,en dan is het er nog een video,1
lb,en dan is het er ook nog een video,1
lb,en dan is het klaar,1
lb,en dit was het,1
lb,en dit was het bedankt voor het kijken,1
lb,en dit was het bedankt voor het kijken abonneer je voor,1
lb,en dit was het bedankt voor het kijken en tot ziens,1
lb,en je ne peux pas le dire mais je peux le dire,1
lb,je dan op dit kanaal dank je wel,1
lb,je m'en fout de tête,1
lb,je m'en souviens pas je m'en souviens pas,1
lb,je suis le chef de l'équipe,1
lb,je suis le chef de l'équipe je suis le chef de l'équipe,1
lb,journée,1
lb,meer video's en tot de volgende,1
lb,merci d'avoir regardé cette vidéo abonnez vous pour d',1
lb,merci d'avoir regardé cette vidéo je vous souhaite une,1
lb,merci pour votre attention,1
lb,merci pour votre attention abonnez vous pour d'autres,1
lb,merci pour votre attention je vous souhaite une bonne,1
lb,merci pour votre soutien,1
lb,merci pour votre soutien merci pour votre soutien,1
lb,oulain et yannick,1
lb,prost,1
lb,s'il vous plaît partagez la vidéo abonnez vous et part,1
lb,sjauw sjauw sjauw,1
lb,sous titres par jérémy dufour jean luc poulain rémi p,1
lb,sous titres par jérémy dufour thomas poulain et jér,1
lb,sous titres par jérôme fauté,1
lb,sous titres par les sous titres,1
lb,sous titres par r g s,1
lb,succes,1
lb,tvc tvc tvc tvc tvc tvc tvc tvc,1
lb,van der oude buitersche wijk,1
lb,veel succes,1
lb,video opnit,1
lb,vidéos,1
lb,vind je dit een leuke video laat dan een like en abonneer,1
lb,voilà merci,1
lb,voilà merci beaucoup,1
lb,volg den link in de beschrijving voor de video,1
lb,volg den link in de beschrijving voor meer informatie over,1
lb,émie gaudet,1
ln,5 x 35 cm,1
ln,after,1
ln,ai,1
ln,alistapada,1
ln,anything else unless the two are actually,1
ln,aosm,1
ln,ata kwa mwisho,1
ln,atafadjou com,1
ln,bada ya mbaya,1
ln,bisa n'yonye ndi,1
ln,bòs,1
ln,ch,1
ln,e,1
ln,e odvi again,1
ln,eta anje,1
ln,etafadu,1
ln,etape 2,1
ln,etape 2 la mouche,1
ln,etape 5,1
ln,etape 6,1
ln,etape 7,1
ln,etape 8,1
ln,guys you made it,1
ln,interpretating one or the other,1
ln,ito,1
ln,izado,1
ln,jean luc mélenchon,1
ln,kamu ndiyo mwenye mwenye,1
ln,kanada kanada org nz,1
ln,kanali younos tanzi jeli yonos tanzi ko tanzi younos tanzi,1
ln,kwa maa yonye kwa mbili,1
ln,kwa mba kwa mba,1
ln,may i have your attention please the ferry will be docking,1
ln,mohacha,1
ln,mwenye ndio,1
ln,n,1
ln,naja,1
ln,ne,1
ln,ni anak ni aki ni anak ni aki ni anak ni aki,1
ln,nina kwa hape chni suri kidi ajinka ana waving,1
ln,nje mbwana,1
ln,norov tidalidi,1
ln,oje mbaya mbaya mbaya mbaya,1
ln,olof olof olof olof,1
ln,omoja njou mwenye ndio mwenye ndio njou mwenye ndio njou,1
ln,osobwa com,1
ln,ou,1
ln,outro,1
ln,pete hasi sebo,1
ln,petiti,1
ln,s,1
ln,shortly for your safety all passengers are to remain off,1
ln,si,1
ln,si il y a des choses qui sont intéressantes,1
ln,sou,1
ln,sous titres par anonymous by anonymous,1
ln,sous titres par anthony beauvois,1
ln,sous titres par anthony beauvois anthony beauvois com au,1
ln,sous titres par anthony beauvois www antonybeauvois com,1
ln,sous titres par anthony beauvois www louisville com,1
ln,sous titres par emanuele m,1
ln,sous titres par emanuele pacheco,1
ln,sous titres par jules marais,1
ln,sous titres par leonard m,1
ln,sous titres par soustitres com,1
ln,sous titres réalisés para la communauté d'amara org,1
ln,sous titres réalisés para la communauté de amara org,1
ln,stairs ramps and landings of the ferry,1
ln,tarif zaidana,1
ln,tashi nadira,1
ln,thanks for watching,1
ln,the answer is a blatantly false and that one cannot prove,1
ln,the end,1
ln,wa waho,1
ln,wenye hitzi,1
ln,ye,1
ln,younos tanzi younos tanzi younos tanzi younos tanzi,1
ln,z,1
lo,10 game game üm,1
lo,10 game game ümö,1
lo,các bạn có thể tìm thức ăn tất cả những,1
lo,lette,1
lo,món ăn của mình,1
lo,nicosleep org,1
lo,saksafon,1
lo,tahj pit,1
lo,und das ist nicht so,1
lo,wlaid,1
lo,කපල ම න කරන න කරන න,1
lo,ก บ,1
lo,กของฉ น,1
lo,กระทมนะ งางลางกร ขอ,1
lo,กระผ ก,1
lo,กล บมา กล บมา,1
lo,กล ม,1
lo,กวามสน ก,1
lo,ข างล าง มากลาง และ ล,1
lo,ของค ณ กล บมา กล บมา,1
lo,ขอบค ณ สระหารท อาทร,1
lo,ขอบค ณ สามคร บ อย างน,1
lo,ขอบค ณคร บ,1
lo,ขอบค ณท ร บชม ขอบค,1
lo,ขอบค ณท ร บชม นะคร,1
lo,ขอบค ณท ร บชม อย าง,1
lo,ขอบค ณท ร บชม และขอ,1
lo,ขอบค ณท ร บมาทรามน,1
lo,ขอบค ณท สระหารการท,1
lo,ขอบค ณส าหร บการกดต,1
lo,ขอบค ณส าหร บค ณ,1
lo,ขอบค ณส าหร บค ณ อย,1
lo,ขอบค ณส าหร บค ณท ร,1
lo,ขอบค ณส าหร บค ณส าหร,1
lo,ขอบค ณส าหร บความชม น,1
lo,ขอบค ณส าหร บความม ก,1
lo,ขอบค ณส าหร บความส ข,1
lo,ขอบค ณส าหร บความสน,1
lo,ขอบค ณส าหร บความสน ก,1
lo,ขอบค ณส าหร บชม,1
lo,ขอบค ณส าหร บชม อย าง,1
lo,ขอบค ณส าหร บท กคน,1
lo,ขอบค ณส าหร บท กคน วะ,1
lo,ขอบค ณส าหร บท าน,1
lo,ขอร องคร บ,1
lo,ค กออกจากคร บסวย,1
lo,ค ณ,1
lo,ค ณ ส าหร บค ณ ส าหร บค,1
lo,ค ณ อย าล ม ชมบอกครบค,1
lo,ครบค ณ อย าล ม ชมบอก,1
lo,ความส ขของค ณ ส าหร บ,1
lo,ง ของคร ม,1
lo,ง ท กคน,1
lo,งจะกล บมา กระว งว า,1
lo,จะร บชม,1
lo,ช วยก อนก ครบ 2 โมง,1
lo,ญ มาราชาราค ณ ส าค ญ,1
lo,ณ ขอบค ณ ขอบค ณ ขอบค,1
lo,ณ ส าหร บค ณ ขอบค ณ,1
lo,ณ อย างน อย กระว งให,1
lo,ณ อย าล ม ชมบอกครบค,1
lo,ณท ร บชม,1
lo,ด ขอบค ณ,1
lo,ต ดตาม และค ณส าหร บค,1
lo,ต ดตามตอนต อไป,1
lo,ถ า ค ณ สงส ย ท ก ศ นย,1
lo,ท,1
lo,น อย,1
lo,น อย ท จะมากระว ง,1
lo,บ,1
lo,บ ครบค ณท ส าหร บก,1
lo,บ บปอนนะ,1
lo,บค ณ,1
lo,บค ณ กระว ง ท ม คร,1
lo,บค ณ ของค ณ อย าล มกด,1
lo,บค ณ ส าหร บค ณ ส าหร บ,1
lo,บค ณ อย าล ม ชมบอกครบ,1
lo,บค ณท ร บชม ก บ ผม,1
lo,บค ณท ร บชม ก บ ผมท,1
lo,บชม ก บความส ขของค ณ,1
lo,บชม ก บความส ขของผม น,1
lo,บชม กระว งว า คร บ คร,1
lo,บชม ขอบค ณท ร บชม,1
lo,บทบรรยายไทย ตอนต อไป,1
lo,บาตาอา ภาษาอ งกฤษ ภาษ,1
lo,ปลานหาราค ณ ส าค ญ ก บ,1
lo,ผม อวลางางหาราค ณ ส าค,1
lo,ผมจะกล บมา,1
lo,ภาษา อ สลาม ตอบ อ สล,1
lo,มา,1
lo,รบค ณ อย าล ม ชมบอกค,1
lo,รอด ก าล งรอด,1
lo,ระว ง ท ม คร บค ณ ข,1
lo,ระว ง และ สว สด,1
lo,รามรายท ส ด การคราม,1
lo,ศ นย จะ ส ง มา กล ม,1
lo,ศ นย ศ นย จะ ส ง มา,1
lo,ส ขของค ณ อย างน อย ก,1
lo,ส ด ของครามลายท ส,1
lo,สidentified roboter,1
lo,สน ก ท สน ก,1
lo,สน กของฉ น,1
lo,สระหารท สระหารท,1
lo,สหาย สว สด,1
lo,อ นด อร ด,1
lo,องมาลอง,1
lo,อย,1
lo,อย าล มกดต ดตามตอนต,1
lo,อสหร อ อร ด สตร สมหา,1
lo,ะว ง ท มากระว ง ท ม,1
lo,ะว งให ความส ขของค,1
lo,ากระว ง,1
lo,าค ณ ส าค ญ,1
lo,างน อย,1
lo,างน อย ก าล งรอด ก าล ง,1
lo,างน อย กระว งว า ผมก า,1
lo,างน อย กระว งให ความ,1
lo,างน อย อย างน อย,1
lo,างศายท ส ด การสาราย,1
lo,าม ภาษาอ สลาม,1
lo,ายท ส ด,1
lo,ายท อาทรายท อาทรา,1
lo,ารกล บมา กล บมา กล บ,1
lo,ารครามรายท ส ด การค,1
lo,ารทรามอย ในอ สลาม,1
lo,ารรายสทธ ท สน ก ท,1
lo,าอ งกฤษ ภาษาอ งกฤษ,1
lo,เศร อว นฝ ม อ เยตrou,1
lo,แร ขๆ parenthesis ขอขออ skin guys,1
lo,และขอบค ณส าหร บความ,1
lt,ai,1
lt,aplodismentai,1
lt,ar galiu pasakyti kad varžovai išsidės ir jie išsitik,1
lt,aš tikrai labai laimėjau aš tikrai laimėjau,1
lt,aš tikrai laimėjau,1
lt,aš tikrai laimėjau aš tikrai laimėjau,1
lt,dėl to aš pasiruošę kad jis pasiruošę o nesvarbu,1
lt,dėl to viskas gerai,1
lt,džiaugiuosi kad šiandien pasiruošęs į šviesinę,1
lt,inko į kūrį,1
lt,itikės,1
lt,kad jis pasiruošę,1
lt,kairėje ir įvyko įvartį,1
lt,lietuvos rungtynes 2021 zemunės,1
lt,muzika,1
lt,oti,1
lt,pagaliau kad pasiruošęsiu bet nežinau ar tai yra ger,1
lt,pagaliau kad tai yra daugiau bet viskas yra gerai,1
lt,pagaliau kad tai yra ne tik gerai bet ir tikrai gerai,1
lt,pagaliau kad šiandien pasirinkimės,1
lt,pagaliau kad šiandien pasirinkimės įmušti įvartį,1
lt,pagaliau kad žmonės pasirinko į kūrį bet jie pasir,1
lt,pagaliau kad žmonės pasiruošęs bet nežinau ar tai y,1
lt,pagaliau kad žmonės pasiruošęs į šviesių įvartį,1
lt,paus,1
lt,ra tikslas bet jie yra žmonės kurie nesužtęs išsidu,1
lt,sveikinu,1
lt,ės ar galiu pasakyti kad varžovai išsidės ir jie išs,1
lt,šaliau,1
lt,žinoma šiandien jau nežiūrėjau kad būtų tikrai ger,1
lt,žmonės pasiruošęs į šviesių įvartį,1
lv,daudz cilvēks uzspēlēt mūsu kājās,1
lv,daudz cilvēku un es jau esmu jau pēc,1
lv,jā es esmu jāspējami,1
lv,paldies,1
lv,paldies ka atcīties ferris kaut kādi ir par savu saft,1
lv,pauze,1
lv,pe un lēnī,1
lv,puskoties,1
lv,tā ir sākums,1
lv,un atpakaļ,1
lv,un jā tā ir,1
lv,un jā tā ir jādara,1
lv,un jūs esat jāsaklīgi,1
lv,un kāds ir jābūt,1
lv,un tā ir tās kārtībās,1
lv,un tās ir jābūt,1
lv,un tās ir jādod,1
lv,un tās ir jāpakaļ,1
lv,un tās ir jāsaka,1
lv,un tās ir jāsakoties,1
lv,un tās ir jāsākoties,1
lv,un tās ir jāsūtījies,1
lv,un tās ir jāsūtītās,1
lv,un tās ir jūras jādod,1
lv,un tās ir jūras jūras,1
lv,un tās ir mūsu kārtībā,1
lv,un tās ir mūsu kārtībā tā ir mūsu kārtībā,1
lv,un tās ir tās kārtības,1
lv,ību viss pasakoties jau ir atstāvējies uz stērību ram,1
mg,ada,1
mg,apprécié cette vidéo merci et à bientôt,1
mg,avez aimé n'hésitez pas à la partager merci et à,1
mg,beaucoup pour votre soutien merci à tous pour votre sout,1
mg,bientôt,1
mg,bé é un pété é un pété,1
mg,c'est la fin merci,1
mg,clicher et à la partager,1
mg,ien merci,1
mg,ien merci pour votre soutien merci à tous pour votre sout,1
mg,institutez vous,1
mg,j'espère que vous avez apprécié cette vidéo merci,1
mg,j'espère que vous avez apprécié cette vidéo merci pour,1
mg,j'espère que vous avez apprécié cette vidéo si vous,1
mg,je ne sais pas,1
mg,jean luc mélenchon,1
mg,jean luc mélenchon jean luc mélenchon jean luc mélench,1
mg,jean luc mélenchon médecin pour les enfants,1
mg,jika vous avez aimé abonnez vous merci,1
mg,jika vous avez aimé n'hésitez pas à vous abonner à la,1
mg,jusque à la fin de cette vidéo j'espère que vous avez,1
mg,la familia,1
mg,la uned,1
mg,maintenirez le un peu,1
mg,may i have your attention please the ferry will be docking,1
mg,mbaye mbaye,1
mg,menejati,1
mg,merci d'avoir regardé cette vidéo,1
mg,merci d'avoir regardé cette vidéo je vous remercie,1
mg,mélody de la fuerza aérea de la república de chile,1
mg,ni siak nyoen ni siak nyoen,1
mg,on jean luc mélenchon,1
mg,página de facebook de la comunidad,1
mg,shortly for your safety all passengers are to remain off,1
mg,si tu asocias abonao like share y comenta,1
mg,si tu es un amante de la familia tu vas a ser un amante de,1
mg,si tu es un amigo de la comunidad te invito a visitar la,1
mg,si tu te sentes mal tu te sentes bien,1
mg,si tu ti katoa iyo ndi nyoho,1
mg,sospecha,1
mg,sospecho com au,1
mg,sous titres par cedric de la comunidad de estudiantes de,1
mg,sous titres par cedric un groupe de la société radio can,1
mg,sous titres par cirusbmax,1
mg,sous titres par cirusfm com,1
mg,sous titres par l'occitane en français,1
mg,sous titres par la communauté d'amara org,1
mg,sous titres par la communauté de amara org,1
mg,sous titres par leonardo tadano,1
mg,sous titres par raewyn lee,1
mg,sous titres par raewyn t,1
mg,sous titres par raewyn taunté,1
mg,sous titres par rafael menea et camille martínez,1
mg,sous titres par rafael soares,1
mg,sous titres par raoul f,1
mg,sous titres partout,1
mg,sous titres partout de l'anglais par la suite,1
mg,sous titres partout du nord afrique,1
mg,sous titres réalisés par la communauté d'amara org,1
mg,sous titres réalisés para la comunauté d'amara org,1
mg,sous titres réalisés para la comunidad de amara org,1
mg,stairs ramps and landings until the next ferry,1
mg,thank you for watching please subscribe to support us,1
mg,vidéo ciao,1
mg,votre soutien je vous dis à bientôt pour une nouvelle,1
mi,ahoia koutou,1
mi,aran,1
mi,atai koutou,1
mi,atau,1
mi,atawha atawha atawha atawha,1
mi,atawhaikia,1
mi,bye,1
mi,c'est la fin de cette vidéo merci d'avoir regardé,1
mi,das ist doch eine gute idee,1
mi,doaar tōki dosa â payu dosa â payu hebrews 20 doa,1
mi,it's a very good thing,1
mi,kereama waraka te karere,1
mi,kereama wright te karere,1
mi,kia saatana,1
mi,kohei,1
mi,mataatia,1
mi,may i have your attention please the ferry will be docking,1
mi,merci pour votre attention,1
mi,merci à tous pour votre soutien,1
mi,mere kaipa koutou,1
mi,mérite t il de la liberté,1
mi,ngā tie tūhoe tēnā koe,1
mi,obrigado por ver el video gracias por verlo,1
mi,rapaera tawhai te karere,1
mi,see you in the next video,1
mi,shortly for your safety all passengers are to remain off,1
mi,so i hope you enjoyed this video,1
mi,so i hope you enjoyed this video thank you for watching,1
mi,sous titres par lafabrice lewis,1
mi,stairs ramps and landings,1
mi,te karere,1
mi,terima kasih kerana menonton,1
mi,thank you for watching,1
mi,ක ර මට ක ර මට ක ර මට,1
mi,කප න න ක ර මට ක ර මට,1
mi,ම ර න ක ර න ක ර න,1
mi,ම ර න ද යගට න රඹ මට,1
mi,ර න ක ර න,1
mi,ර මට ක ර මට ක ර මට ස,1
mi,ර මට ක ර මට සහල ල න,1
mi,ල ල න න,1
mi,හල න සහල න ඉවත කරන,1
mi,ヘリコプター,1
mi,忘了按讚並訂閱我的頻道 感謝,1
mi,順道感謝您的觀看 如果您喜歡我的視頻 請別,1
mk,mk z,1
mk,ако ви се слишате ќе ви ја подел,1
mk,ала,1
mk,ала јуби јоу,1
mk,аме овде,1
mk,благодарам,1
mk,боговиња,1
mk,влезе,1
mk,војна на сад,1
mk,да ви поделите,1
mk,добар ден,1
mk,добар день,1
mk,е како да се претвори на овие си,1
mk,е сите сите,1
mk,екст на текстот,1
mk,етвори на паѓањето на паѓањето,1
mk,еја,1
mk,зиката на сеќава,1
mk,име,1
mk,ите видеото,1
mk,ите и субтитрите се си ја сакам,1
mk,конец,1
mk,на македонија,1
mk,на меѓународниот паѓање,1
mk,овде ќе се влезе но не може да се,1
mk,овде ќе се преткажува имање на т,1
mk,од 2015,1
mk,онија,1
mk,очуваат за вашата здоровина се с,1
mk,очуваат за субтитрите на канала,1
mk,очуваат и за вашите субтитри себ,1
mk,рещаат за сите,1
mk,се сакаме да ви сеќаваме,1
mk,се смејаме,1
mk,се сочуваат за субтитрите на кан,1
mk,сега ќе го направиме исто така,1
mk,сега ќе се обидаме да го направ,1
mk,сега ќе се обидаме да ја покажам,1
mk,сега ќе се обидаме да ја спомен,1
mk,сега ќе ја покажаме како да се пр,1
mk,сетиме на канал 5 сеќавање на му,1
mk,сетување на сејдаре,1
mk,сеќава,1
mk,сеќава војда,1
mk,сеќава не може да ја јаѓаме,1
mk,сеќаваат,1
mk,сеќавање на македонија,1
mk,сеќавање на меѓународниот кајин,1
mk,сеќавање на сад,1
mk,сеќавање на сад кија 2 0 2014,1
mk,сеќавање на сеќавањето на макед,1
mk,сеќавање на сијајното кајно,1
mk,сеќавање на смрј,1
mk,сеќавање на сср 2012,1
mk,сеќарот на македонија,1
mk,сеќарството на сад,1
mk,сеќарството на сите,1
mk,сеќарството на српското,1
mk,сите видео се најдове коментар,1
mk,сите зборувања се за тие,1
mk,сите зборувања се за тоа што се с,1
mk,сите сте веќе ги гледаа но не се,1
mk,смит,1
mk,стеми,1
mk,стигнате кај музиката,1
mk,субтитри на субтитрите кои не,1
mk,субтитри на субтитрите кои се с,1
mk,субтитри на субтитрите на кан,1
mk,субтитрите од гуѓен јоран,1
mk,субтитрове на сайтот на www youtube com,1
mk,субтитрови и субтитрови за адам,1
mk,тејмено,1
mk,штетси на самбер,1
mk,штетсија,1
mk,ја сакам да се однесам во филмот,1
mk,јан виќете во својот филм,1
mk,јас не сакам да ја јаѓам,1
mk,јас се надевам што веќе не се ве,1
ml,channel and click the bell icon to get notified of upcoming,1
ml,channel thanks,1
ml,comment if you have any feedback,1
ml,end,1
ml,final amendmentי bce,1
ml,if you like the video please share it and subscribe to the,1
ml,its a very good place,1
ml,landing amendment act,1
ml,may i have your attention please the ferry will be docking,1
ml,music,1
ml,notified of upcoming videos thank you,1
ml,produced by started since 1992,1
ml,see you in the next video,1
ml,share this video with your friends on social media,1
ml,shortly for your safety all passengers are to remain off,1
ml,sound hodori サウンド ホドリ,1
ml,sound hodori 사운드 호돌이 サウンド ホド,1
ml,stairs ramps and landings until the appropriate time,1
ml,subscribe to mia kitchen and click the bell icon to get,1
ml,subscribe to my channel for more videos on kerala housework,1
ml,thank you,1
ml,thank you for watching please subscribe to my channel,1
ml,thank you for watching the video please subscribe to the,1
ml,videos,1
ml,www youtube com across allmenacookingschools com,1
ml,www youtube com armest com,1
ml,you,1
ml,älkkommen sedun har ecosystem,1
ml,அண,1
ml,அவர கள க க ம வணக கம,1
ml,அவர கள க க வந த வயற,1
ml,அவர கள க க வந த வர,1
ml,அவர கள க க வந த வரக,1
ml,அவர கள க க வந த வரவ,1
ml,அவரக க அவரக க வந தத,1
ml,அவரகள க க வந த வயற ண,1
ml,அவரகள க க வந த வரகள,1
ml,அவரகள கள லல நம கலதப,1
ml,அவளகள,1
ml,ஆண,1
ml,இப பட வரகள கடலப ப,1
ml,இல ல,1
ml,இலல க லண க க பநட ய ல,1
ml,எப பட ட ட ட க ட ட ட,1
ml,எற ற வ வரவ லவ,1
ml,க ற ம,1
ml,கம இல ல,1
ml,கரண,1
ml,ட சந தன பட டம ஓய ன,1
ml,தண,1
ml,நத த ல ல,1
ml,பட ய,1
ml,ர கள இல ல,1
ml,ற கண ட க றத,1
ml,லல,1
ml,வணக க நறந த வணக க க,1
ml,வணக கம,1
ml,வணக கள,1
ml,வந த வரவ,1
ml,リ,1
mn,2019 年 5月 8日 愛國大連兵法連委員會展示,1
mn,40 village complete,1
mn,ak 47 shared factory,1
mn,aman4 al win,1
mn,amara org kermakaan meraj i oorin,1
mn,as a sound mixer in the grandiose sound experience of the,1
mn,atem,1
mn,b,1
mn,bvospor an ülüm,1
mn,carwyn barn,1
mn,chant the lord's prayer chant the lord's prayer,1
mn,cricket,1
mn,danke fürs zuschauen und bis zum nächsten mal,1
mn,denn,1
mn,game over,1
mn,in real life,1
mn,korea limited experience banking corporation,1
mn,l,1
mn,mar,1
mn,mr 不爱吃糖果会带我们去附近吃糖果,1
mn,nara city nara city,1
mn,sashlik,1
mn,see you again in the next video,1
mn,see you in the next video,1
mn,sos gn h,1
mn,terps target matters,1
mn,we love you sperm and meat cake,1
mn,will home,1
mn,youn's kitchen 2,1
mn,бизнес 无理睬 답唔好嘅照相 同班,1
mn,ер құрган түрлімдер,1
mn,олн,1
mn,іп көрсіп көрсіп көрсіp,1
mn,қызбай әңіҝ әңіҝ әңіҝ әңіҝ әңі,1
mn,құбат құбат құбат құбат құбат қ,1
mn,құрганған үшкенімдер үшқенімд,1
mn,ұбат,1
mn,әр көрдеңіздер,1
mn,әңіҝ әңіҝ әңүҝ әңүҝ әңүҝ әңүҝ,1
mn,өршендер көрсіп көп сөздер көрс,1
mn,աշկանը աձնկան աշկանը աշկան հիլչ,1
mn,ասկս տհն այստ մի ասկս մի ասկս մի,1
mn,աստ,1
mn,ավստ մի ո ի հիստ խոստհի եւ եւ մի ո,1
mn,ի ո ի եւ մի քի ցիստ ցիստ ցիստ ցիստ,1
mn,հագայակ է աշկան հագայակ հագայակ,1
mn,հում է,1
mn,մի ասկս մի,1
mn,ս մի ասկս մի ասկս մի ասկս մի ասկս,1
mn,սկս մի ասկս մի ասկս մի ասկս մի աս,1
mn,୧୧୧ರ ୨ ས feet,1
mn,ಪ ರಸ ಸನ ನ ವ ದ,1
mn,ಸದಕರ ಸದನವರನ ಅರ ಜನಲ ಲ,1
mn,ಸಧಸ,1
mn,ഗ i flour i5 2580 eranit പ io ൽള ന,1
mn,ത ഓ ഇപ ച ഭ,1
mn,റ അണ ഞ ദ ഗ മন യ host acted,1
mn,අප න ක ර මට ක ර මට ක,1
mn,අප න න ක ර මට ක ර මට,1
mn,අපම ර න එකත සහල ලන,1
mn,අපම ස ට ය වන ප න ටම,1
mn,අපමන න ස ටම ප රත ප,1
mn,අපමන න සමට ස ටම පයක,1
mn,අපල ස ට ය වන ප රවත,1
mn,ඇත ත ම ඇත ත ම ඇත ත,1
mn,ඉන ත ර අඹරම ස ඹහ,1
mn,ඉන ත ර ටම අප එම ම තනක,1
mn,එන න ම ස ටම කරන න,1
mn,ක කරන න,1
mn,ක න ක න න සහ හර ග යක,1
mn,ක න ද හර ත තය අප ර,1
mn,ක ර ම ල ල ර ඇත ත ම,1
mn,ක ර මට ක ර මට ක ර මට,1
mn,ක සමට සබන න,1
mn,කන ත තර ක ර ම පම ර,1
mn,කප න න ක ර මට ක ර මට,1
mn,කපන න රය ස ට යක කරන,1
mn,කපන න රයක ස ත ත ය,1
mn,කපම න කරන න,1
mn,කපම න කරන න අප කරන,1
mn,කපම න කරන න කරන න කර,1
mn,කපම න ප න දක න ර ත,1
mn,කරන න කරන න ස ට යට ස,1
mn,කව හ,1
mn,ට ක ර මට ස ත ත ය,1
mn,ට ය වන ප න ටම බ,1
mn,ට යට අප කළ හ ක කරලම,1
mn,ටම න සහල න පස ද කළ,1
mn,ත ය,1
mn,ත ර ස ත ර කර ණයක,1
mn,ත ර ස ත ර ස ත ර,1
mn,තමක කරන න,1
mn,න,1
mn,න ആറണ ക ജ കണ ഡ ത പ,1
mn,න ක ප රවත එය ව ට ය,1
mn,න කරන න,1
mn,න කරන න කරන න කරන න ක,1
mn,න ද හ ක න ද,1
mn,න ස රයන ත ර ට ක ල,1
mn,පයක සහල න පළම ම සමග,1
mn,බ ස ට ය ස ට ය බඩ ස,1
mn,බඩ වඩ ග ළ සබන ට වල,1
mn,ම ඇත ත ම හ ඳ න න ද,1
mn,ම සන න කරන සඳහ න හ ල,1
mn,මගක එය කරන න,1
mn,යක කරන න,1
mn,ර මට ක ර මට ක ර මට ස,1
mn,ර මට ස ත ත ය,1
mn,රන න ස ට ය,1
mn,ස ත ත ය,1
mn,ස ත ත ය ස ත ත ය,1
mn,ස ත ත යට ස ම ම ව යට,1
mn,ස ත ර,1
mn,ස ත ර ස ත ර ස,1
mn,ස ත ර ස ත ර ස ත ර,1
mn,ස ද ම ස ද න ව ස ද,1
mn,ස ය,1
mn,සම න ටම ඩ න න රඹ මට,1
mn,සමගක ස ටම රන සමගක,1
mn,සමට සබන න සමට ස ටම පය,1
mn,සහල න කරන න සහල න,1
mn,සහල ල ල න පළම ම සම,1
mn,ຈ prompted,1
mn,ញអ ក ទ ដ,1
mn,ន аньше អ សមទឡក សរ,1
mn,亦都注意,1
mn,人是很幸福的,1
mn,尽管 这些人的生活是很难的 但我认为这些,1
mn,尽量当尾端各成分朱リ别对応,1
mn,幫忙ieux subtitules found on youtube,1
mn,窣你 sigh all passengers are enobis and women,1
mn,辛苦,1
mn,시청 해주셔서 감사합니다,1
mr,covid 19 vaccinations across the country have revealed,1
mr,cribe to bdc th repairs,1
mr,every,1
mr,just smoke,1
mr,like share subscribe,1
mr,podem isang conjoined,1
mr,requirements for these positivity tests,1
mr,script design made f сем,1
mr,shortcut,1
mr,thank you for watching please subscribe,1
mr,thoughts,1
mr,онов ಕཧ ত చ ർ य,1
mr,अगर आपक म समत य ज न,1
mr,अगर य प रक ण ज न ज न,1
mr,अद र took the left lane and moved ahead to show a,1
mr,अब क य र ख ष य स थ ज,1
mr,आपक अच छ lucke ४ ४,1
mr,आपक नह पत त च ह ए,1
mr,इच 도 करत ह,1
mr,इद here,1
mr,इसक ल ए उस ट रप सर प,1
mr,इसल ए पर च ज च ज म,1
mr,उसक ल ए सब य र समव र,1
mr,ए,1
mr,ए पर क स पर क म पकट,1
mr,एकव ल ब पautomatic screen query चक,1
mr,एस इड स,1
mr,ऐ র,1
mr,और यह तक प रस त त करत,1
mr,क ज प प स पर ल इड आ,1
mr,क म पकटर आए प रस त त,1
mr,क ल ए,1
mr,क लन,1
mr,कखर य कर ड नस पयगर,1
mr,कर,1
mr,करत ह प रस त त च,1
mr,करत ह व श स च च ज,1
mr,करतक र क लन करतक र,1
mr,कलज ग च ह ए प इट म ठ,1
mr,ख श य द ख श य द,1
mr,च टख,1
mr,च य करत ह,1
mr,च ह ए,1
mr,च ह ए एक भ प रक ण ज न,1
mr,च ह ए त प रक ण ज न,1
mr,च ह ए प र प र त क ई,1
mr,च हल स द ध स,1
mr,ज गर य उ ड य म म,1
mr,ज च ह ए,1
mr,ज प करत ह सव ब श ल,1
mr,ट इलग न परव द नरव टक,1
mr,ड цион क ल स घ द सम,1
mr,त क ल ए प रश च,1
mr,त करत ह प रश इव क,1
mr,त म ग न बईत all the very special,1
mr,त र,1
mr,त ह,1
mr,तक पर हम र म झ स थ क ह,1
mr,द क ल etc,1
mr,द क ल ग,1
mr,न करत ह,1
mr,न च हत ह म,1
mr,न स परस ट इव करत ह,1
mr,नरव टक लग ओ,1
mr,प क र य ग पर प र स ट,1
mr,प ज गळ प ल तवत cruel,1
mr,प य प ल प रस त त,1
mr,प र क ट क छ ह ज न ह,1
mr,प रच य प रच य,1
mr,प रस त त र क रम प य,1
mr,प रस त त र क रम व अ,1
mr,प रस त त र क रम व य क,1
mr,प रस त त र करत च ज ह,1
mr,प रस त त र प रस त त,1
mr,प रस त त र य,1
mr,प ल प रस त त र क रम,1
mr,प स त रह क आर 52 इ लन,1
mr,पड क य,1
mr,पड त आओ,1
mr,पत रन त क क ल ए म,1
mr,पम प त गशत ह,1
mr,पर chte,1
mr,पर क ष न क पम प त क,1
mr,पर प र स ट र पर ब त ग,1
mr,परक व स,1
mr,पल व ल प रस त त र क र,1
mr,पहल पत ए पर क स पर,1
mr,ब छ ल ल य,1
mr,ब श ल व ज न एक ल ए,1
mr,म उ स ग ग delhi,1
mr,म च र नय च हत,1
mr,म प र क ट च ज च ह,1
mr,म व प रस त त र क रम,1
mr,य psycho,1
mr,य क स त म ऊप divine com,1
mr,य व द प रव द य व द,1
mr,र आय पर च ह ए,1
mr,र क रम प य प ल,1
mr,र क रम व य क पहल पत,1
mr,र न पर प र स ट र पर,1
mr,र प र श ग च ह ए,1
mr,र प रस त त र,1
mr,र प रस त त र प रस त,1
mr,र प रस त त र प रस त त,1
mr,र पर ब त गर न पर प र,1
mr,र स ट र पर प र स ट,1
mr,रत ह प रश इव क पम,1
mr,ल ह भ ड र क क स थ,1
mr,लग ओ गरत परव द परव द,1
mr,लत परव द परव द नरव टक,1
mr,लय अ ज ल idé kyaar kyaa acting,1
mr,व प रस त त र क रम,1
mr,व प रस त त र क रम व,1
mr,वयद जनन परकलपत लत पर,1
mr,श ज ग च ह ए प इट म ठ,1
mr,ष टव त ज त ह न अज,1
mr,स ग र य ल chipman,1
mr,स ट र पर प र स ट र,1
mr,स य प,1
mr,सब आपक प रव द करत ह,1
mr,सब य र समव र म प छ,1
mr,सब लग ग ज वन क ल ए ज,1
mr,सब लग ग ज वन क ल ए ज व,1
mr,सम पड इच य पर प र ज,1
mr,समक य ज व द प रव द,1
mr,सव ब श ल सव ब श ल सव,1
mr,सस तरतन कर,1
mr,ह अगर त प रस त त,1
mr,ह करत ह,1
mr,ह ज न च ह ए क ई म,1
mr,हओ आड आ करत ख ल च ड,1
mr,हग अड codein sansangstory gaanhe,1
mr,हग अड अन य भ य र क,1
mr,हग अड ओ ख ल ज म ल ल,1
mr,हगशडडस hagashadasi,1
mr,हम मदक न प दन,1
mr,ক র শ ಪ cherchee ಕ ড ব,1
mr,ਦ ਤਸ ises,1
mr,ટ ય બ ન ક go fan,1
mr,સ dr,1
mr,સ બ ત ળ ત ન ઝ,1
mr,સ બસ સ whoa,1
mr,ఇక জ ࠇൾ ês ച ബ ໂಗ,1
mr,డ ఆట র ਕ వਟल వ జ,1
mr,త ఛ మ డ త నఓవ కర,1
mr,మ ల to గలబ ల lb j glasses,1
mr,శఊ ప జ మ జ,1
mr,പ ణ,1
ms,sari kata oleh sdi media,1
ms,terima kasih,1
ms,terima kasih banyak banyak,1
ms,terima kasih telah menonton,1
ms,terjemahan oleh kata ali ahmad com,1
mt,a,1
mt,aaaaaaaa,1
mt,back to the future,1
mt,bahagiati fasa,1
mt,but have you really been handy lately,1
mt,ciao,1
mt,cosa ti fa,1
mt,e' na' biex na' biex,1
mt,e' un'albaqa,1
mt,e' un'altra cosa che mi è piaciuta,1
mt,e' una cosa che mi piace molto,1
mt,e' unha nduqe,1
mt,e' unha nduqe e' unha nduqe,1
mt,fa' la' s'alba,1
mt,fa'nna' biex,1
mt,filippi naqa' ndi' għidhduqa' biex,1
mt,filippi ndiqenu ndiqenu ndiqenu ndiqenu ndiqenu,1
mt,filippi ndirfiqa com au,1
mt,filippi nduqe,1
mt,filippi ti' faggisti' bie' g'i' ndoddi,1
mt,filippi ti' faggja' i' sgidu,1
mt,filippi ti' faggjati,1
mt,filippi ti' faglion,1
mt,filippi ti' fanno di' ciliegħu,1
mt,filippi ti' fessi,1
mt,filippi tiħkirin,1
mt,filippo ndi,1
mt,filippo nduqe nduqe,1
mt,filippo ti ti tifo' di' tifo',1
mt,filippo ti' fanno ndu,1
mt,filippo ti' fanno un'alba,1
mt,follow me su instagram per vedditi nekke notizie,1
mt,follow me subziona a' quesione per notificare il'uomo,1
mt,foto,1
mt,foto e video klikkate na' video mea www youtube comme it,1
mt,foto e video kuttafa na'l konti na'l konti,1
mt,foto ed inni,1
mt,fotografiek 2014,1
mt,i'm a king of the world i'm a king of the world,1
mt,i'nnaqa' nduqa',1
mt,i'nni qeqenaqa'n,1
mt,ieħu,1
mt,may i have your attention please the ferry will be docking,1
mt,music,1
mt,musika,1
mt,ndi' b'għadħan,1
mt,outro,1
mt,s'all'u,1
mt,salut,1
mt,shortly for your safety all passengers are to remain off,1
mt,sottotitoli per dinuot 2 0,1
mt,sottotitoli per niall stefani,1
mt,sottotitoli per nichi nichi com au,1
mt,stairs ramps and landings until the next train,1
mt,ta'bliz curdiella,1
mt,the end,1
mt,ti girls,1
mt,toc' toc' tocca,1
mt,tocca a te,1
mt,tocca a' quagli,1
mt,tocca a'l fogla,1
mt,togħan,1
mt,yes welcome,1
mt,ča ħadħu ħusna ħadħu,1
mt,ča ħuħk,1
mt,čauj čauj čauj,1
mt,čia ħieħu ħusħna ħieħu għidħu ħieħu ħusħna ħ,1
my,2ib0,1
my,6 一 億 何 姣,1
my,altra,1
my,and now the pleasant news,1
my,danke fürs zuschauen,1
my,hatsappa com,1
my,larır,1
my,last,1
my,ming pao canada fan page,1
my,ming pao canada fan page ming pao toronto,1
my,ming pao canada mandana mandana,1
my,ming pao canada meaning of the word ming pao tower,1
my,ming pao canada meaning of this video,1
my,ming pao canada ming pao toronto,1
my,ming pao canada メンバーのみ 字幕 月野 祥平,1
my,ming pao canada 的ming pao toronto,1
my,ming pao tablet www mingpao com,1
my,ming pao toronto,1
my,mode,1
my,please subscribe like share and comment thanks,1
my,powered by singapore international foundation,1
my,soaking noodles,1
my,subscribe my channel for more videos,1
my,subscribe to my channel for more videos,1
my,subscribe to my channel for more videos on cinema,1
my,supporting the development of this channel is the support of,1
my,sur larg,1
my,thank you,1
my,thank you for watching,1
my,the people of myanmar,1
my,wise,1
my,yixi tv,1
my,πάรographic frame,1
my,ಧ ಕ ಕರ ಒ ಈಯಗ hearsol ಠ,1
my,කපම න කරන න කරන න කර,1
my,කපම න ස ට ය,1
my,කපම යන න වන කරන න ස,1
my,ත තර අප අප ම ම ප,1
my,න කරන න ස ට න කරන න,1
my,ම ට ට ර ල සම ට ර ල,1
my,රණයක ල න ත ර ත ල පය,1
my,ขอ บาพานะ,1
my,ขอบค ณค ะ,1
my,ขอบค ณโปรดต ดตามตอนต,1
my,อไป,1
my,多謝您收睇時局新聞 再會,1
my,多謝您的觀看 並且別忘了點擊小鈴鐺 並且,1
my,多謝您的觀看 再會,1
my,字幕由amara org社区提供,1
my,安全 所有乘客将保持在楼上的楼梯和陆路上,1
my,小片既提譬,1
my,尖屯論文,1
my,尖聲革命,1
my,我哋就係咁樣啦,1
my,我哋會再會 多謝你哋,1
my,掌聲,1
my,新過律師,1
my,淀粉,1
my,留言 请将其连续提供为下文文章或部文文章,1
my,目,1
my,訂閱我們的頻道 以便能收到最新消息,1
my,請不吝點贊訂閱轉發打賞支持明鏡與點點欄目,1
my,请不吝点赞 订阅 转发 打赏支持明镜与点点栏,1
my,请注意 车子将很快就会停下来 为了您的,1
my,请订阅我的频道,1
my,音乐,1
ne,a cultured hey,1
ne,and byooo,1
ne,and trust this real story,1
ne,anglemaa,1
ne,background music,1
ne,berry,1
ne,bile,1
ne,blas,1
ne,cistance,1
ne,dinge,1
ne,go ff doctors,1
ne,go to www hidyem candy com for more videos,1
ne,god悲,1
ne,hopefully good for all hawaiians ever got a chance to talk,1
ne,i also appreciate all of you who 's comments and likes,1
ne,ishaanshi,1
ne,like share subscribe,1
ne,may i have your attention please the ferry will be docking,1
ne,milyo еектуо 3,1
ne,plaid slack,1
ne,please subscribe to support usin lol,1
ne,respectable,1
ne,s rb,1
ne,shortly for your safety all passengers are to remain off,1
ne,stairs ramps and landings of the ferry,1
ne,subscribe,1
ne,subscribe to support this channel,1
ne,subscribe youtube page for regular updates,1
ne,support us,1
ne,tawa,1
ne,thank you for watching,1
ne,thank you for watching please subscribe and support us,1
ne,thank you for watching please subscribe to support us,1
ne,thank you for watching the video please subscribe and,1
ne,thanks for watching please subscribe and support us,1
ne,woodcarver com,1
ne,yampi wil i waffu,1
ne,ziestਸ नदਸ त म ठग त उ,1
ne,étanti,1
ne,кажется ਸகཋ ଯ ๆത ത,1
ne,например आनत deceived अन म ख,1
ne,рейਹ ਹ,1
ne,тиθε क न क ह सकत boss,1
ne,अगर व बन य त प र ड,1
ne,अभ त know,1
ne,अम म र भ,1
ne,आपक अगर व द ध र य प,1
ne,आपक प र ड च ह ए,1
ne,आपक प र व र ड पर द,1
ne,इपट क पय र क ब ट य,1
ne,इल क न ग आस णग ई स र,1
ne,इलग य म र ख ल ट,1
ne,एकर ओप न ट ट ट ट ट,1
ne,और य ह न द म त स प,1
ne,क confidently,1
ne,क प र क ष न गरत गरत,1
ne,कलतक आपक क छ द ग,1
ne,ख,1
ne,च य,1
ne,च य ग न,1
ne,च ह ए,1
ne,च ह ए अगर व बन य त,1
ne,छ ब द य प छ प नट,1
ne,ज य प र ज य प र ज य,1
ne,जनस त भ,1
ne,ट ट ट ट ट ट ट ट ट,1
ne,ट र क चर द,1
ne,त 400 ख ग म स र gdp ऐ ह,1
ne,त प र य द प रस त प,1
ne,द आध बह क य क,1
ne,द ड द ड,1
ne,द ध त certain part here,1
ne,द परव द परव द,1
ne,द ल च ह ए सप र ज ग,1
ne,न мер अध ग स ट रवर ण म,1
ne,प छ प छ प छ,1
ne,प छत क प च क पह dreams,1
ne,प य,1
ne,प र ज च प र ज च,1
ne,प र ज च य ग न प र ज,1
ne,प र ज च य प र ज,1
ne,प र ज य क ल क प र ज,1
ne,प र ज य प र ज य प,1
ne,प र ड च ह ए,1
ne,प र य द,1
ne,प रक श ट प रक श ट,1
ne,पत व क ल गल ख ल द,1
ne,पद ध त प र ज च य प,1
ne,पद ध न व द परव द परव,1
ne,पदक य ग प रस त प र,1
ne,पदक य ग परव द परव द,1
ne,पदक य प रछ प,1
ne,पदक य प रत श ट प रक,1
ne,परक प य परक प य परक,1
ne,परक प स,1
ne,परकलपर ट,1
ne,परम द क समक ष आपक अ,1
ne,पलकलपर ट परकलपर ट,1
ne,ब र बर य ब र बर य प,1
ne,भ व ध र ज रह ह,1
ne,य क प र व द ल च ह ए,1
ne,य क स क प प न आ स औ,1
ne,य गर ण average of 2020,1
ne,य द प रस ट र य द प रस,1
ne,य प र ज य,1
ne,य प र ज य प र ज य प,1
ne,र आपक प र व र ड पर द,1
ne,र ज च य,1
ne,र ज य प र ज य प र,1
ne,र ज य प र ज य प र ज,1
ne,र न स ल क स,1
ne,र प छ प छ प छ प छ,1
ne,र य द प रस त प र य द,1
ne,र स ब ड ग बर धक र,1
ne,रक ल प रक ल,1
ne,रक ल प रक ल प रक ल प,1
ne,रक श ट प रक श ट प रक,1
ne,रस त प र य द प रस त,1
ne,ल हरलहवलन ह म क ग,1
ne,लग त व न,1
ne,श ट प रक श ट प रक श ट,1
ne,श प रक श ट प रक श ट प,1
ne,स क य क प रज र म ध,1
ne,स ग र र,1
ne,स त स य क षप तर,1
ne,स व ड इतन स व ल,1
ne,स व द इव न,1
ne,सऐक दडल अच छव म सल,1
ne,सक य ल म क ब ल च ट itlos,1
ne,सप र ज ग य क प र व,1
ne,ह ल ड,1
ne,ਕ ਰ ੮,1
ne,ਤ,1
ne,ਬ ਜ ਨ ਤ ਕ ਛ dominatestments net,1
ne,ਬ ਸਰਸ ਟ ਸ ਟ ਅਰ eun ਮ,1
ne,ਰਸ ਨ ਮੲ ਨ ਸ ਚ ਚ ਲ ਜ,1
ne,ਸ achoý male,1
ne,ਸ ਜ ਡ ਇਕ ਹ ਸਲਦ ਬ ਰ,1
ne,ੜ ਸ ਸ are there any open space or room,1
ne,આદ લ દ ટ ન પડ ન હ,1
ne,ગ ત,1
ne,દ,1
ne,દ મ જ ટર ટ કરપ વન,1
ne,મ લ બ શ લછ ટર ચ ન,1
ne,રસ મ ઈક પર ર ન ન મ,1
ne,વર હ મ લ ક ટ ટલ ગ બલ,1
ne,ಗ દ જ વન ન ક પરવ ન,1
ne,ರ ಭದಗಧ jesus,1
ne,ക ക പഇഗ ക ക വ,1
ne,പ പൻന റ не ആഡ വഡ ക ക,1
ne,කප ව ද ග ව ත ක ර න,1
ne,ද මන,1
ne,පටකගය ඉලක ක ර හ ඳ න,1
ne,මන ව ට කර න ප න ට ස,1
ne,යක 't oh paradise,1
ne,ව ට කර න කරන න ස ට ග,1
ne,ස ව නය ස ස ම තය සම ද,1
ne,투몚,1
nl,bedankt voor het kijken,1
nl,dat je een auto op de weg moet rijden,1
nl,en dan is het klaar voor de volgende,1
nl,ik heb er een beetje moeite mee,1
nl,ik heb er een dingetje van,1
nl,ja dat is een dingetje,1
nl,maar ik heb er een dingetje van,1
nl,ondertitels ingediend door de amara org gemeenschap,1
nl,wat,1
nn,100g 牛奶,1
nn,a,1
nn,and thanks for watching,1
nn,b,1
nn,by travelpod member jimandlou,1
nn,danke fürs zuschauen und bis zum nächsten mal,1
nn,follow me,1
nn,god bless you,1
nn,går det brakt eller,1
nn,have a nice day,1
nn,if you like my video please subscribe to my channel thank,1
nn,if you like this video please give me a like and subscribe,1
nn,if you like this video please subscribe to my channel,1
nn,outro,1
nn,see you in the next video,1
nn,thank you,1
nn,thank you for watching always be happy,1
nn,thank you for watching please subscribe,1
nn,thank you for watching please subscribe to my channel,1
nn,thank you for your support,1
nn,thanks for watching,1
nn,to my channel,1
nn,well i'm going to go to bed,1
nn,www flydreamers com,1
nn,xie xie xie xie,1
nn,you for your support i'm ali,1
nn,yuma palms parking lot,1
nn,субтитры добавил dimatorzok,1
nn,がとうございます,1
nn,きます,1
nn,ご視聴頂きありがとうございました,1
nn,下個視頻就拍到這裡了 謝謝觀看,1
nn,下回の動画でお会いしましょう あり,1
nn,下回の動画でお会いしましょう 最後まで,1
nn,下回新片をお楽しみに,1
nn,下回新鮮なビデオでお会いしましょう,1
nn,下回見,1
nn,下回視頻 請見 多謝您的觀看,1
nn,下方向を望む,1
nn,下集をお楽しみに 購読してください,1
nn,下集再会,1
nn,下集再会 欢迎订阅我的频道,1
nn,下集再會 謝謝觀看,1
nn,下集待續,1
nn,下雨天 小心,1
nn,下雨天 雨天要小心 要注意安全,1
nn,参考文章の概要欄にリンクを貼ってお,1
nn,多謝您收睇時局新聞 再會,1
nn,多謝您的觀看,1
nn,多谢收看,1
nn,感謝觀看 下集再會,1
nn,感謝觀看 感謝觀看,1
nn,我的頻道 感謝,1
nn,我的頻道 感謝 如果您喜歡我的視頻 請訂閱,1
nn,目,1
nn,看看這間餐廳吧 它是否有餐點 或是有餐點,1
nn,請不吝點贊訂閱轉發打賞支持明鏡與點點欄,1
nn,請留言告訴我 如果您喜歡我的視頻 請訂閱,1
nn,谢谢观看 下集再见 拜拜,1
nn,谢谢观看 下集再见吧,1
nn,谢谢观看 欢迎订阅我的频道,1
nn,谢谢观看 请订阅我的频道,1
nn,購読していいね,1
nn,시청해 주셔서 감사합니다,1
no,det er ikke noe som er ikke riktig morsomt i det hele tatt,1
no,det er ikke så mye å se på,1
no,fy faen hva er det som skjer,1
no,ha det bra og ha det godt,1
no,hva er det som er skjedd,1
no,may i have your attention please the ferry will be docking,1
no,norsk teksting av nicolai winther,1
no,shortly for your safety all passengers are to remain off,1
no,stairs ramps and landings,1
no,takk for at du så på,1
no,takk skal du ha,1
no,teksting av nicolai winther,1
no,undertekster av ai media,1
oc,'hésitez pas à la partager avec vous merci,1
oc,bonne nuit,1
oc,c'est la fin de cette vidéo merci d'avoir regardé,1
oc,danke fürs zuschauen,1
oc,es el lugar más grande de la ciudad de san juan de la paz,1
oc,il n'y a pas de choix il faut juste y aller,1
oc,je suis un peu en anglais merci,1
oc,la cimera est en place,1
oc,la cimera est un peu plus large que la cimera de paris,1
oc,la ciudad de san juan de la paz es el lugar más grande de,1
oc,les vidéos sont en anglais donc je ne vous traduis pas,1
oc,merci d'avoir regardé cette vidéo,1
oc,merci d'avoir regardé cette vidéo si vous avez aimé n,1
oc,muzika,1
oc,onde se bata,1
oc,sous titres par cirusbmax,1
oc,sous titres réalisés para la communauté d'amara org,1
pa,01 01 2019,1
pa,affirmative,1
pa,alberto soto,1
pa,an 態,1
pa,ar,1
pa,artist,1
pa,biliyor සतजर ඔක ජ ජ කන tක ක,1
pa,bro,1
pa,cincinn hr,1
pa,com,1
pa,copyright osho is a registered trademark of osho,1
pa,cunning,1
pa,det instructorkurz org,1
pa,forbes,1
pa,foundation,1
pa,haram,1
pa,international foundation,1
pa,jane's mother,1
pa,kepada umph,1
pa,kr,1
pa,lished,1
pa,look out for the next friday night on pacttv com,1
pa,m,1
pa,may i have your attention please the ferry will be docking,1
pa,ney,1
pa,nostra ms,1
pa,ogenous,1
pa,or,1
pa,ori,1
pa,oris,1
pa,orman,1
pa,osho is a registered trademark of osho international,1
pa,osis,1
pa,paranoia ltd,1
pa,perdre bibla,1
pa,rich in deep love,1
pa,schneider aircrafts,1
pa,shortly for your safety all passengers are to remain off,1
pa,snatch,1
pa,stairs ramps and landings,1
pa,tame,1
pa,tatoo,1
pa,video,1
pa,villagers face the terror,1
pa,wb,1
pa,whatsapp דیں ک प,1
pa,woah,1
pa,www osho com,1
pa,www youtube com access knowledge com,1
pa,www youtube com accommodation com,1
pa,youtubers com勇ija,1
pa,äl टर न,1
pa,ème,1
pa,ն प र छ ल गर adow,1
pa,لینگ سре unshell com,1
pa,अपर आप क भ ज एग,1
pa,आउ प द न seizures,1
pa,ए अच छ क ल ए ल ए इस,1
pa,ए इदन क ल ए प रव त,1
pa,एकक य म जन क ल ए,1
pa,क ल ए न इपर ब ल,1
pa,क র य ट র,1
pa,कद jul,1
pa,कर ज क र ग पर इपन आ,1
pa,करक य पर प रस त त र,1
pa,करत ह,1
pa,करत ह करक य पर प र,1
pa,ख ज ल,1
pa,ख रत ह,1
pa,गरग ग न ज द य गर व,1
pa,छ mentor quentro www youtube com myctr www facebook,1
pa,जप ज छ र स क य copyright,1
pa,द पड र,1
pa,न र ण प रस त त,1
pa,नर क उ ढ शन ह क ओक ल,1
pa,प र क य क य प र क,1
pa,प र ज प पर प र ज प,1
pa,प र थ क ल ए प रव त,1
pa,प रव त ल ए अच छ क ल,1
pa,प रस त त परण रण क रण,1
pa,पक प र स तप प द करन,1
pa,पर प प र कर,1
pa,परपप पर ल न क ल ए नह,1
pa,मनय क ょसत ब ड र,1
pa,य,1
pa,रह प रस त त क रण,1
pa,ल ढפ,1
pa,ल ल न focused on www youtube com,1
pa,व कस ज र फसर फ時नस,1
pa,व झ व य ल ज उप एव र,1
pa,व ल ब च ह ए,1
pa,स त त र करत ह,1
pa,स त र प ७,1
pa,स फ प र य क वह म क,1
pa,स बड card अपझ स गर previous,1
pa,सअअड प र य with ज ट र ऑ,1
pa,सइर ड प र ट,1
pa,सक त य द खर य न जरक य,1
pa,सख दध xiwax com,1
pa,सम,1
pa,सव धबह इतन य क र म सह,1
pa,ह आ ब र ष ट करत ह ज,1
pa,ह ल ब हर क,1
pa,ॐ helemaal इस स त थ न श च,1
pa,१ २ २,1
pa,অপ য উনঅদ হ ল bereits,1
pa,আপ য,1
pa,র प र च র র য,1
pa,র ত র ય च র র,1
pa,ৱ ৱ র য র ৱৱ ৱ ম,1
pa,ਅਲ ਕ ਟ ਗ ਕ ਟ ਗ ਕ,1
pa,ਆ ਚ ਰ ਸ ਟ ਖਰ ਜ ਜ,1
pa,ਆਰ ਆਰ ਆਰ ਆਰ ਸਰ ਡ ਇ,1
pa,ਇ ਕ ਆਰ ਅਪ ਰ ਜ ਮ ਗ,1
pa,ਓ,1
pa,ਕ ਪ ਸ ਕ ਲ,1
pa,ਕ ਲਕਠਰਕਰ ਕਰਪਰਕਰ ਪ ਦਰ,1
pa,ਕਰਕਰਕਰਪਰਨ ਰਥ ਸਨ ਦ,1
pa,ਖ ਲ ਜ ਜ ਵ ਟ ਚ ਗ,1
pa,ਗ ਗ ਕ ਟ ਗ ਕ ਟ ਗ ਕ,1
pa,ਗ ਜ ਜ ਜ ਜ ਜ ਜ ਜ ਜ,1
pa,ਗ ਤ ਸ ਵਧ,1
pa,ਜ ਟ ਟ,1
pa,ਜ ਰ ਪ ਜ ਰ ਪ ਜ ਰ ਪ,1
pa,ਟ ਕ ਲਬ ਤ,1
pa,ਟ ਗ,1
pa,ਟ ਜ ਟ ਟ,1
pa,ਪ ਅਨ ਆਰ ਜ ਮ ਪ ਏ ਲ,1
pa,ਪ ਣ ਜ ਪ ਟ ਜ,1
pa,ਪ ਪ ਰ ਜ ਮ ਜ ਡ ਬ ਈ,1
pa,ਬ ਗ ਗ ਜ ਖ ਲ ਭ ਜ,1
pa,ਬ ਵ ਏਮ ਐਬ ਏਜ ਕ ਲ ਨ,1
pa,ਬ ਸ ਡ ਛ ane ਠ ਮ,1
pa,ਮ ਉਨ ਆਰ ਆਰ,1
pa,ਰ ਪ ਜ ਰ ਪ,1
pa,ਰ ਪ ਜ ਰ ਪ ਜ ਰ ਪ ਜ,1
pa,ਸਮਸ ਔ ਅਗਲ ਭਵਲ translation,1
pa,ੳ ਕ ਟ ਕ ਟ,1
pa,અછ ન ર મ ક સ બ સ ટ ટ,1
pa,આપટ મ મ,1
pa,ઇ ન ભ મ લ ન થ ત ટ,1
pa,એક નmoo,1
pa,ક પ પર ત ઓ,1
pa,ક ય હ દ ક ટ આગ વ ક,1
pa,ક ર આ ક ર પ ક પ લ,1
pa,ચ સ ખ વ ત પ લ ન,1
pa,ઝ દ,1
pa,ટ,1
pa,ટ આપ ત ર ક ઉ ર સ,1
pa,ટ ટ પ ર ટ ટ,1
pa,ટ ન ર ન ગર ન ગ હ,1
pa,ટ મ સ ટ ટ ટ ટ,1
pa,ત સ ય ક કલ પટ જ,1
pa,ન ન,1
pa,ન ર વ ન નનનત,1
pa,પ ર ટ ट પ લ ટ ક,1
pa,પ ર વ ન યનત પ ર વ ન,1
pa,પ લ સ ત ન આન ક પ લ,1
pa,પ સ,1
pa,ય ન પ લ ટ ન આફ ર ક ડ,1
pa,ય પ ર વ ટ ટ ટ પ ર,1
pa,ર,1
pa,ર ગ ય આ ચ સ ત ક ર,1
pa,ર ટ ટ ન ફ ક દ,1
pa,ર ત દ,1
pa,લ ઉત ત ય દ હ ગ ચ,1
pa,વ ક ટ ટ,1
pa,સ અ પ ર દ પ મ ર,1
pa,સ એ બ સ ક ટ ટ બ સ,1
pa,સ ક રત ક ન પ ટ શ,1
pa,સ પ શ સ ગ ય સ ય ત,1
pa,સ મ ચ લ ક સ ચ લ,1
pa,સ ય ક અલક ક ય મ,1
pa,સ ય ન ય લક ટ ટ ન,1
pa,સ લ ક ક દ બણ ધ ક,1
pa,સ લ સ ભ સ લ સ લ,1
pa,સ હ બ ગ ચ ચ ટ પ,1
pa,હબ સ ભ સ વડ ગર,1
pa,ജ ട ക me,1
pa,പ ദ പ ഷന ജ ഡ ക ക ക,1
pa,ඔගඹයන ජලම මම ക මම marriage,1
pa,ග බ ක දල අපක ත önce සකකදන,1
pa,සක දමපපමන තවධය ලඛක දලප,1
pa,හන න,1
pa,ซل ہیش بناتے ہے grinder hopper و شاہ,1
pa,你,1
pa,信 ง,1
pa,哱 second channel keebh satisfactory and satirical channel,1
pa,무 ہر,1
pa,텐 sufficiently,1
pl,do zobaczenia w kolejnym odcinku,1
pl,dzięki za oglądanie,1
pl,dzięki za oglądanie subskrybuj,1
pl,dzięki za uwagę,1
pl,dziękuje,1
pl,dziękuje za oglądanie subskrybuj,1
pl,dziękuje za oglądanie subskrybuj i skomentuj pozdrawiam,1
pl,dziękuje za oglądanie subskrybuj kanał,1
pl,dziękuje za oglądanie subskrybuj mój kanał,1
pl,dziękuje za oglądanie subskrybujesz kanał,1
pl,dziękuje za oglądanie subskrybujesz kanał zostaw kom,1
pl,dziękuje za uwagę,1
pl,dziękuje za uwagę pozdrawiam,1
pl,dziękuje za uwagę subskrybuj mój kanał,1
pl,dziękuję za oglądanie,1
pl,dziękuję za oglądanie subskrybuj mój kanał,1
pl,dziękuję za oglądanie subskrybujesz kanał zostaw kom,1
pl,dziękuję za uwagę subskrybuj mój kanał,1
pl,entarz,1
pl,entarz kliknij w górę,1
pl,kolejny odcinek,1
pl,koniec,1
pl,la bezpieczeństwa wszystkich pasażerów trzeba zostać na,1
pl,napisy by jacek makarewicz,1
pl,napisy stworzone przez społeczność amara org,1
pl,ostatni raz,1
pl,praca na farmie w danii odcinek 157 orka z wodą dzięki,1
pl,proszę o uwagę w samochodzie zacznie się kłócenie d,1
pl,za oglądanie,1
pl,zewnątrz na ramach i na liniach,1
ps,deserving of appreciable health benefits,1
ps,members of the unity kirk,1
ps,und das war's,1
ps,ɡəlɡɑɚъ вɦɯˈpɑˀɡlɑnəf əук əʃful,1
ps,ɣɒʏ ʂɒj եւɒɥ ʂɒs store,1
ps,ɯ ә ӡе ә ӧu,1
ps,ا نکنید,1
ps,ادامه درست دارید,1
ps,ادوار ناشمان might move dash,1
ps,ارد,1
ps,ارو باید چکیدید,1
ps,از آن کا را باقی بردارید با این,1
ps,از آن کا را باقی محل کنید,1
ps,از آن گوشتون با دوست دارید,1
ps,از این سیده درست دارید با این خی,1
ps,از این کا از اینکا مرد با اینجا ب,1
ps,از این گرانده کا برای ازمین باید,1
ps,از این گوشتر با اینجا از این جوان,1
ps,از این گوشتر با اینجا کردید,1
ps,از این گوشتر کنید کنید با اینجا,1
ps,از اینجا درسته,1
ps,از اینجا درسته از اینجا درسته,1
ps,از اینجا درسته با اینجا باید بای,1
ps,از اینکه اینا باید راست کنید,1
ps,از اینکه با اینجا باید برگردن,1
ps,از اینکه ماروزن باید باید برگرد,1
ps,از قهوش دون که قصور گزنش کریمز ن,1
ps,ال بردار از این باقی درست بود,1
ps,امتحان کنید,1
ps,امکان مرد عمل از ازدواری کنید,1
ps,اگر ادامه از مدارد درست کنید از,1
ps,اگر ایجاد از این سیگیری درست دید,1
ps,اگر با قرار آنکه از این باقی سوال,1
ps,اگر باستان کل باستان برای اینکار,1
ps,اگر باید موزیقیتای باید محل کنید,1
ps,اگر دوست دارید برای اینکه با دو,1
ps,اید برگردید,1
ps,اید بگیرید,1
ps,این طریقه درست کنید درست کنید,1
ps,اینکارو کردید که اینکارو با اینک,1
ps,با دل کردید,1
ps,با دل کردید باید باید با اینکار,1
ps,باید باید بردارد,1
ps,باید محل کنید,1
ps,برای از اینجا نکنید برای از این,1
ps,برای اینجا درست دارم,1
ps,برای اینجا درست دارید,1
ps,برای اینکه با اینجا درسته باید ب,1
ps,برای برنامه ایجاد کردید,1
ps,برای مردم ایران,1
ps,بلا شوکل درسته اینجا برای از باق,1
ps,تا صدقه برای از اینجا درست دارید,1
ps,تا صدقه شدید,1
ps,تا صدقه های برسیدید,1
ps,جا درسته باید برگردید,1
ps,د,1
ps,د بردارید,1
ps,د برگذارد,1
ps,درست بود تو سوال از این باقی سو,1
ps,درسته می کند,1
ps,رای اینجا درست دارید,1
ps,روی خوردن شدید,1
ps,ز کاریکلادی بندید,1
ps,ست دارید,1
ps,ست دیدید,1
ps,سری بردار اند outro,1
ps,شجعا شمال,1
ps,شما با این کاری باید را باید را ب,1
ps,صحابت تو جزئی یا خواهد ۹۶ کی طوی,1
ps,طرح باید باید باید بردارید,1
ps,ل چشکveردیا کاری pakistan,1
ps,لی خوبی درست دارید,1
ps,مرشد برسیدید,1
ps,موسیقی بسیار محسوس,1
ps,ه شده ایرانی که شما خود راست داری,1
ps,و සම බ ව න කරන න ප ර,1
ps,وش مکان دنیا,1
ps,ویدیو برخواست شما برخواست دیگر ب,1
ps,ویدیو مرگ برسیدید,1
ps,چطوریده از این گردیده کا با اینج,1
ps,چطوریده از اینجا درسته بود,1
ps,چطوریده شده ایرانی که شما چطورید,1
ps,چطوریده کا از کاریکلادی بندید ا,1
ps,چطوریدیدید,1
ps,چنگانده چنگانده,1
ps,چیزی باید درست دارید و اصلا بای,1
ps,چیزی که باید اینجا درست دارید ب,1
ps,ڈاکتر برسید,1
ps,ڈریگردید,1
ps,ڈیگریدید,1
ps,ڑی کاری باید برگردید,1
ps,کردن بردارید,1
ps,کردن برسیدید,1
ps,کردن کردن,1
ps,کردید,1
ps,کردیدیدید,1
ps,کلبوچنید,1
ps,کلیفتون کا باقی محلات دارید,1
ps,کلیمت آنکھوڑی کاری کا برای آنکھو,1
ps,کلیمتر درسته اینجا کا برای ازمین,1
ps,کلیمتر درسته مرسیدید,1
ps,کلیمتر درستید,1
ps,کمت مردانی با از اینجا درسته بود,1
ps,کنیده اینجا باید برگردید,1
ps,کنیدیو کنیدیو,1
ps,ی از برای اینجا محصولی کنید,1
ps,ی باید باید برگردید,1
ps,ی درست دارم,1
ps,ید تو با این از این سیگیری کا در,1
ps,یشتر کار کنید,1
ps,یشتر کنید,1
ps,ඉර ත න ද රයක න පරයක,1
ps,ඉවත කරන න,1
ps,ක න න කත ර ද ක වර ඩ,1
ps,කරන නය ප රත ක ප පම,1
ps,ණ ස ත ර ණ,1
ps,න න,1
ps,න මට ම ශ රණයක කරම,1
ps,න මහ කරන න,1
ps,පවත ස පයට ක ම න න,1
ps,බ න සම බ න ක ප ට ය,1
ps,ය,1
ps,ය ට ප නස ලම ප රත න ම,1
ps,ය ල ස ම ව න න කරන න,1
ps,ය සම බ න ප ටම න සම,1
ps,ර ණ ස ත ර ණ ස ත ර,1
ps,ව න න කරන න ග න කරන,1
ps,වන න ලය වත ර ද වර මන,1
ps,වන ර ර ර සබන න ස ට ය,1
ps,ස ත ත ය,1
ps,ස ත ර ණ ස ත ර ණ ස ත,1
ps,සම බ න සම බ න ක ප ට,1
ps,සමග ට සමග ට සමග ට,1
pt,a gente vai lá,1
pt,abertura,1
pt,acesse o canal e veja outras coisas,1
pt,ae,1
pt,ah,1
pt,ainda não,1
pt,aplausos,1
pt,assistir,1
pt,atenção,1
pt,ações de novos vídeos,1
pt,deixar um like e compartilhar o vídeo obrigado por,1
pt,em breve para sua segurança todos os passageiros devem,1
pt,eu não sei,1
pt,eu não sei o que dizer mas eu vou ficar com o meu,1
pt,eu vou fazer isso,1
pt,eu vou ficar aqui hein,1
pt,eu vou te mostrar como fazer isso,1
pt,fala paulo,1
pt,ficar fora das escadas as rampas e as ladeiras,1
pt,fiz a tchepa,1
pt,inho para receber notificações de novos vídeos,1
pt,inscreva se no canal,1
pt,legendas pela comunidade amara org,1
pt,muito bom,1
pt,música animada,1
pt,música de fundo,1
pt,música de suspenso,1
pt,não,1
pt,não se esqueça de se inscrever,1
pt,o que você acha comente,1
pt,o que é isso,1
pt,o que é que é isso,1
pt,obrigado,1
pt,obrigado por assistir se inscreva no canal e ative o sin,1
pt,obrigado por assistir se você gostou não esqueça de,1
pt,puxa,1
pt,que é o que eu faço,1
pt,quero pedir atenção por favor o feriado estará descer,1
pt,se inscreva no canal ative notificações e ative notificações,1
pt,se inscreva no canal e ative as notificações,1
pt,se inscreva no canal e ative o sininho,1
pt,se inscreva no canal e ative o sininho para receber notific,1
pt,sente,1
pt,siga me no instagram,1
pt,subtitles by the amara org community,1
pt,tchau tchau,1
pt,transcrição e legendas pela comunidade amara org,1
pt,vem cá,1
ro,asta a fost un mod de aptualizare vă mulțumim pentru viz,1
ro,curând,1
ro,ie să rămână deasupra în rampă și în aterizare,1
ro,ionare,1
ro,la revedere,1
ro,mersi de vizionare,1
ro,multumesc frumos,1
ro,nu stiu ce este mai interesant dar am vrut sa l incerc sa,1
ro,nu uitați să vă abonați la canal,1
ro,pentru să vă gândiți în curând toți pasagerii trebu,1
ro,pornim in urma urmatoarele video mersi de vizionare,1
ro,public video ul,1
ro,si nu uitati sa va abonati pentru a primi notificatii cand,1
ro,să facem o mică curcatură,1
ro,să ne revedem la următoarea mea rețetă,1
ro,să ne vedem la următoarea rețetă,1
ro,să ne vedem în următoarea rețetă,1
ro,să ne vedem în următoarea rețetă păzări,1
ro,să nu te lupi,1
ro,să nu te lupi să te lupi,1
ro,să nu te uiți să te lupi,1
ro,să nu uitați să vă abonați la canalul meu să vă mul,1
ro,să vă mulțumim pentru vizionare și ne revedem în urmă,1
ro,să vă mulțumim și pentru vizionare,1
ro,toarea rețetă,1
ro,vizitez,1
ro,vă doresc să vă duc la gând va ajunge fericirea în,1
ro,www legendavie ro,1
ro,țumim și la revedere,1
ru,все спасибо,1
ru,всем привет и добро пожаловать на мой канал,1
ru,до новых встреч,1
ru,канал субтитры сделал dimatorzok,1
ru,комментарии ставьте лайки и,1
ru,корректор а кулакова,1
ru,ми колокольчик и подпишись на,1
ru,мотр,1
ru,на мой канал,1
ru,на наш канал,1
ru,на наш канал спасибо,1
ru,на наш канал спасибо за прос,1
ru,не забудьте подписаться,1
ru,подписывайтесь на канал,1
ru,подпишись на канал ставь лайк ж,1
ru,подпишись на канал ставь лайк и,1
ru,подпишись на канал субтитры,1
ru,подпишитесь на канал,1
ru,поздно,1
ru,продолжение следует,1
ru,редактор субтитров а семкин,1
ru,редактор субтитров а семкин кор,1
ru,ректор а егорова,1
ru,ровскому,1
ru,сделал dimatorzok,1
ru,смотри какой красивый,1
ru,смотрите другие видео,1
ru,смотрите продолжение в 3 части,1
ru,спасибо за внимание пишите,1
ru,спасибо за субтитры алексею дуб,1
ru,ставьте лайки и подписывайтесь,1
ru,субтитры делал dimatorzok,1
ru,субтитры добавил dimatorzok,1
ru,субтитры сделал dimatorzok,1
ru,субтитры создавал dimatorzok,1
sa,'85 'a0 '8 'a0 'a0 appreciativer exchange over die reci,1
sa,30 頻道 ม ตดผาคร ப ction常,1
sa,boards,1
sa,button,1
sa,channel for weekly video,1
sa,depart,1
sa,hington,1
sa,isconsin,1
sa,may i have your attention please the ferry will be docking,1
sa,ops,1
sa,saud upbeat music,1
sa,shortly for your safety all passengers are to remain off,1
sa,stairs ramps and landings until the ferry is ready to,1
sa,stencilkaa net,1
sa,thank you,1
sa,thanks for watching don't forget to subscribe me,1
sa,thanks for watching please subscribe and hit that like,1
sa,travaille gramatron telempract adds you to graham lailaya's,1
sa,twitter boleh andays,1
sa,wert,1
sa,क व ग टर म गब ल गलक,1
sa,गलक करक इदन सक य,1
sa,ज प ड सक यकर म र च,1
sa,ड पड प र श ट ह व,1
sa,प पन प द पर परव द कर,1
sa,प र श ट ह,1
sa,परव रत परव रत,1
sa,र श ट ह करतक समव ग,1
sa,रन कर,1
sa,व द परव द,1
sa,सक य ग परव द परव द प,1
sa,सभक कर क ई प रत उट ट,1
sa,समव ग प रत उट ट ड,1
sa,ह,1
sa,ह सर य परतक बन यल ह,1
sa,ব тор ब ल ई दळग र आप स,1
sa,ਤ ਤ ਕ dolha kek,1
sa,ਸਸਸ,1
sa,ડ બ ક ત ચ સ ટ મ ક,1
sa,ત પ ટ ન પ ક અ ક બ,1
sa,પ ક සએ ણ લ ગ,1
sa,ଗ එস క ఱ uning ඔගதන ගටල,1
sa,୧୵୦୷ ৬୦ 羽ಲན ୨ ୫ර,1
sa,క ర డ క ధ ల వ క,1
sa,ప గ న,1
sa,మ భ ల ల స థ క డ వనడ,1
sa,ర ఎఆ ప సక య క amplitude ఓ,1
sa,స చర కర త ప మ ట ఖ,1
sa,ದ ಧ ಯ ಗ ತ ತದ ಗ ಗ ಆ,1
sa,ಧ ಯ ಗ ಮ ಡ ಯದ ನ ಗ ಜ,1
sa,ನ ವಲ ಲ ದನ,1
sa,ಸ ಕ ಭ ಗಸ ಕ ಟ ಕ ಗ ಗ ಬ,1
sa,ക ത ബ മവ ക during the year,1
sa,പ ന മ ക അഡ ലഡ ക ക ക,1
sa,අ ශර ඵ ඤ ව වලට න ම,1
sa,අප න ස ත වක අප එය ග,1
sa,අපන නර නල ම ම කර න,1
sa,අම න න ර ට ස ද න නම,1
sa,අමතකය එක ල ඇප ඔබ ස,1
sa,අවශ ය ව ම න අවශ ය,1
sa,ආප ඟ න ත ඩ ය වනක වමට,1
sa,ඇ ස ම ගන න ම ස ද ව න,1
sa,ඉඩ ර අප න ම ඵ කරම,1
sa,ඉනමට කපමක න න න කරමම,1
sa,ඊලත තර අප ද න ස ත ත,1
sa,එමට ප රහනය සඳහ එය එය ර,1
sa,එය හ ඳ න අර ත ප න ප,1
sa,ඔන තම ක බ නයක ප ද රහ,1
sa,ක න න ස ස ම ක ල බ ස,1
sa,ක ම න න ර ප රප න න,1
sa,ක ල ග න න,1
sa,කත ර ක ස න ව ඩ ය ට,1
sa,කපම න කරන න,1
sa,කපම න කරන න කරන න කර,1
sa,කපම න කරම,1
sa,කපම න න කරන න,1
sa,කපම න න කරන න කරන න,1
sa,කපම න න ස ත ත ය,1
sa,කපම න න ස ත ර ද සහල,1
sa,කපම න න සම ද ර කරන,1
sa,කපම න න සම ද ර ර,1
sa,කපම න න සම න න,1
sa,කපම න ස ට ය,1
sa,කපම ප න න බ ස ම කරනය,1
sa,කපමය ක ද තර ත න සහ,1
sa,කපල ල ර ක ල න වර න,1
sa,කම ක ත ත ර ඉන ම ඩ ය,1
sa,කරන න,1
sa,කරන න කරන න ස ට යක,1
sa,කරන න සම ම ට ප ර මට,1
sa,කරම හ ඳ න ව න ට න ස,1
sa,ගන ඔබට බ ප ඩ ය ඉදළ,1
sa,ට,1
sa,ට උව ගන න ක ර මට ගන න,1
sa,ට ය,1
sa,ඩ ප ළ න සමන සන න,1
sa,ඩලටන honeymoon ප webinars,1
sa,ත න සම ද ප රම,1
sa,ත ර ණ ප ලම න රඹ ම ක,1
sa,ත සම ම න ත දම පම ලය,1
sa,ද ස ට ණ ගව ද පට ප ට,1
sa,න,1
sa,න එය ප රහනය සම ම න එ,1
sa,න ක ඩ න සම ස ම න,1
sa,න කරන න කරන න කරන න ස,1
sa,න තගකශකල ගzon කට ව ට ඩ,1
sa,න දක අප කරන න,1
sa,න න,1
sa,න න ස ද න න,1
sa,න ස ත ත ය ස ම ගන න,1
sa,න සම බ සමත ත න සමත,1
sa,ඳ න ප ට ගතක හ ඳ ශර ය,1
sa,ප ත ර,1
sa,ප රතමක වන රට ප ර න,1
sa,ප ලල ක ර න ත ක සදහ,1
sa,පන ද,1
sa,පබ ස ගන ත සමස ස ර ය,1
sa,බ ත ට තක ලම,1
sa,ම ද කරන න,1
sa,ම දය සදහ කරන න සමග,1
sa,ම නම බ ල හ ඳ න ව න,1
sa,ම වතරයක මම වර හ ද දෂ,1
sa,ම ස යල ඇත ක ර මට ක ම,1
sa,මත කරන න,1
sa,ය ගන ට වන බ දම සවෂ එ,1
sa,ය ට තබ,1
sa,ය ප රහනය,1
sa,ය සක,1
sa,ය සම න වන ත ර ණ න,1
sa,යක එකත ඇත ව ස ට ර ව,1
sa,ර ස ද ණ කරන න,1
sa,රණය ප න ම ප රම ණ,1
sa,රන න කරන න ස ප පර ම,1
sa,රයක සම ද න සම ත ත ර,1
sa,ල න කරන න,1
sa,ල න කරන න සම ම න එ,1
sa,වන ම දක ම ශ රණයකට බඩ,1
sa,ෂණ ම,1
sa,ස,1
sa,ස ත ත ය,1
sa,ස ත ර ප ත ය,1
sa,ස ද ව න කරන න,1
sa,ස ද ස සමඟ රයක සමඟ,1
sa,ස ද සම ට සම ෂ ල වර ණය,1
sa,ස දයකන ගල ත ව ම මමත,1
sa,ස ම ගන න ස ම ගන න ම,1
sa,ස ර න ත ක කරන න,1
sa,ස ල ඇත න ට ර ක ම ක,1
sa,සම ද කරන න,1
sa,සම දන න ස ල ලක සර ත,1
sa,සම ම න ම ම න ම ම න,1
sa,සම ම න සම ම න සම ම,1
sa,งน ธาชาฆ girl,1
sa,ནୟ ཀཡ ୧క མఫ ନ ཆ,1
sa,ន,1
sa,អ នដ នដ ននជ នជ នន ប,1
sa,連繫比賠 thank u許 celob dryer,1
sa,邊度 次回順序嘅仲認,1
sd,aiah 'bually '85 gbit prone 'balan aul 'bualai ',1
sd,boss of shgb,1
sd,canada wordmark,1
sd,cedera info,1
sd,for more information on zab gentlemen please register on,1
sd,hafiz,1
sd,icycle com,1
sd,itesse,1
sd,life's butcher,1
sd,may i have your attention please the ferry will be docking,1
sd,our website www zabz aclu website www zabz org,1
sd,please see the complete video description and the link for,1
sd,please subscribe like share and comment thanks,1
sd,pye 가는חnote,1
sd,shortly for your safety all passengers are to remain off,1
sd,shrine ਹ ਸਮਹ ਖ чики ਡ ਸ ਲ,1
sd,skhukhar,1
sd,stairs ramps and landings of the ferry,1
sd,terimakasih again,1
sd,the invoice payment on the video description,1
sd,اي financial data hustle,1
sd,براہ مہماریت کرے راہ caregivers com,1
sd,ملک چلو امارât,1
sd,ڈوڑی سیڑیویی بیشترین گردیدید,1
sd,ڈیڑی ڈیڑی,1
sd,گوشتی گوشتی گوشتی,1
sd,अगर अपन आपक ब द लगत,1
sd,अपन भ पसप त करल परह,1
sd,अपर स प र ट बन,1
sd,आद ख ह न म झ कर न,1
sd,ई परव ई परव ई परव ई प,1
sd,उपक प स क द य क छ,1
sd,ए आज ए प रस द कर,1
sd,ए गर इपन पर प रस,1
sd,ओ द ख य म गर प ल,1
sd,और इस म ज र च ह ज,1
sd,क इ,1
sd,क इ परक इ परक इ परक इ,1
sd,क छ ब द क प रव त करन,1
sd,क र छ च ठ,1
sd,क र ण म च ट ह ज,1
sd,क ल ए एक नद ह त ह,1
sd,क ल ए ज न करत ह,1
sd,क ल ए ह,1
sd,क सद र श टन गर करन क,1
sd,कनन ल ए करत ह बहग,1
sd,कर इस व ड य म स,1
sd,कर प ह आद ख ह,1
sd,करक,1
sd,ख य रह ह,1
sd,चरक य रह ह परव र,1
sd,ज न ह,1
sd,ज न ह अन स उ र आप द,1
sd,ज न ह च नल ब द प ज न,1
sd,झ उनर जन,1
sd,त छ ए गर,1
sd,तव प र ग बलक पर परग श,1
sd,द करत ह,1
sd,द जनन करतक ह इस,1
sd,न क ल ए आज ए प रस,1
sd,न क ल ए क ल ए बह त पह,1
sd,न क ल ए ज न क ल ए पर,1
sd,न क ल ए पर ज य ग नह,1
sd,न क ल ए पर प र श च क,1
sd,न करत ह समक य,1
sd,न ग र ण नह परव र न ग,1
sd,न द परव द ज न द परव,1
sd,न पर प रस त छ ए ल,1
sd,न र क ल ए प र क श कर,1
sd,न ल ए पर पर ड पर परण,1
sd,नदन आपन मह र डपन म,1
sd,नल परव नल,1
sd,प त ल,1
sd,प वर ज त ड ख office,1
sd,पन पर ल ए ल इस ह द ख,1
sd,पनक क ख थ करक ह,1
sd,पनक प रस त त करन ल,1
sd,पर,1
sd,पर प रस त त करत ह,1
sd,पर परक इ परक इ परक इ प,1
sd,पर पल सपक य क ल ए कर,1
sd,पर पवसक ख श पर ज न ह,1
sd,पर सक य क ल ए करत ह,1
sd,पर सक य करक पर सक य,1
sd,परक इ,1
sd,परक प द करन क ल ए अप,1
sd,परकरलग ज क ड न प,1
sd,परत ह आ महत करत ह,1
sd,परन ग,1
sd,परव ई परव ई परव ई परव,1
sd,परव नलगल परव नल परव,1
sd,परव र ट करत ह,1
sd,परव र ट परव र ट,1
sd,परव र न ग र ण नह पर,1
sd,परव र ह,1
sd,परसक पर परव र पर करत,1
sd,परसक य ग न परसक रह ह,1
sd,पलक र करक र क प रव,1
sd,महकम ल ज क stolen,1
sd,य च व श च र त,1
sd,र,1
sd,र इपन पर प रस त छ,1
sd,र ण चल ह,1
sd,र न ग र ण पर करन नह,1
sd,र फ पर भ ग ल ए ज न क ल,1
sd,र ह आ,1
sd,र ह आ पर प रस छ पर प,1
sd,र ह आ पर पर प र पर पर,1
sd,र ह गय ह,1
sd,रक आथ स ट क य क द,1
sd,रस छ पर प र पर प र,1
sd,रह न ह,1
sd,ल ए खरत ह पर ब द कर,1
sd,ल पर पर आग पर ज ए करन,1
sd,व ई परव ई,1
sd,व ई परव ई परव ई परव ई,1
sd,स इट व ल ह,1
sd,स ग क हर bryce,1
sd,स प र ट बन,1
sd,सप र इड फ र ण स प र,1
sd,सप र क य क स ल ह,1
sd,सब उपक क र प ज न ज न,1
sd,समक य क ल ए ज न कर,1
sd,ह अपन आपक अपन करतक,1
sd,ह आ जन द ग त ल,1
sd,ह आ पर प र पर प र पर,1
sd,ह एक ज न द परव द ज,1
sd,ह ओ द ख य म ज न,1
sd,ह क ड कर क ल ए इ,1
sd,ह झरकर ब द च नल ब द प,1
sd,ह समक य क ल ए,1
sd,हम ज न क ल ए पर पड,1
sd,४ अ र व क रब ब,1
sd,ॴ cigaata humda runei,1
sd,এট এট,1
sd,ব য,1
sd,স কর ক galgit,1
sd,ৎ র ব ব ব ব,1
sd,ਕ ਣ ਕ ਣ ਲ ਨ ਲ ਨ ਨ ਨ,1
sd,ਗ ਮ ਰ,1
sd,ਜ ਲ ਲ ਚ ਕ ਜ ਤ ਓ,1
sd,ਲ ਨ ਨ ਨ ਨ,1
sd,ਸ ਕ ਣ ਲ ਨ ਅਰ ਇਜ ਕ ਣ,1
sd,ક,1
sd,ટ ટવલ પન સ લ મ ર પટ,1
sd,ટ વલ મ ટ બ ક ટ ટเ ણ,1
sd,ન ત ગ,1
sd,ન બ ડ ક વ દ ક જ,1
sd,પ પ ડ ક મ લદ,1
sd,ળ ણ ધસ ત ક સ વ ઠ,1
sd,સ ઇહ મ લ લ બ પ સ,1
sd,સ મ,1
sd,હય ઇ મ લ વ લ સ સ વ,1
sd,ಪ ರತ ಪ ರತ ಬಯಕ,1
sd,අප ක ස ද කරනට අප ක,1
sd,අප න ස ත ත ය ස ත ත,1
sd,අමත අප පටල ස ලස ක ඩ,1
sd,කප න න සහල ල කරණයක,1
sd,කපම න සම ද කරන න,1
sd,ණ ක සම ග රන සම ග රන,1
sd,න,1
sd,න න සමග දන න,1
sd,නටයක ක ද ද,1
sd,පමනනම සමගන න කරන න ස,1
sd,ම ම ස ත ත ය ස කරන,1
sd,ම ශ ර මට ප රළ යක ප,1
sd,ය,1
sd,රහන න සමග දන න සමග ද,1
sd,ස ත ත ය ස ත ත ය,1
sd,ස ද න සහ ද ර ම,1
sd,සන න න වග කරනයකට මම ග,1
sd,සම ද කරන න,1
sd,館 нуچion,1
si,danke fürs zuschauen,1
si,අප ක ර මට ක ර මට ක ර,1
si,අප ප ට ය,1
si,අප ප ට ය ක ර මට ක ර,1
si,අප ප ට ය ප ට ය ප ට,1
si,අප ප ට ය ස ත ත ය,1
si,අප ප ර ම ක ර ම ක ර,1
si,අප ප රහන ප රහන ප ර,1
si,අප ප රහස ක ර මට ක ර,1
si,අප ප රහස කරන න,1
si,අප ප රහස කරන න අප ස,1
si,අප ම ශ රණය ක ර මට ක,1
si,අප ම ශ රණය කරන න,1
si,අප ම ශ රණය ප ට ය,1
si,අප ම ශ රණය ප රත ය,1
si,අප ම ශ රණයක ප ට ය,1
si,අප ම ශ රණයක ප රව ක,1
si,අප ස ත ත ය ක ට සන න,1
si,අප ස වභ ට ය ක ට ට ට,1
si,එකත ක ව භ න පස න න,1
si,ක න න කත ර වත පස ම ම,1
si,ක යල න ඔබ ඉත පස න,1
si,ක ර න ග න න,1
si,ක ර ම ක ර ම ප රහන,1
si,ක ර ම බ න න ක ර ම,1
si,ක ර ම බ න න ස ත ත ය,1
si,ක ර මට ක ර මට ස ත ත,1
si,ක ර මට ක ර මට ස ත ත ය,1
si,ක වන න ලය,1
si,කන ක ර ම ක ර ම ප ට,1
si,කප න න ක ර මට ක ර මට,1
si,කර ණ ක කරම,1
si,කර ව න ඩ ය,1
si,කරන න කරන න,1
si,කරන න ර ල ඔබ අවශ ය,1
si,කරන න ර ල ක ර ම ප ට,1
si,කරන න ර ල කරන න ර ල,1
si,කරම න,1
si,ග න න කරන න,1
si,ගමන න ත ර ය ද න බඩ ම,1
si,ට ක ර මට ක ර මට ක ර ම,1
si,ට ක ර මට ක ර මට ක ර මට,1
si,ට ස ත ත ය,1
si,ත ක ව ද ප ත ක ව ද,1
si,ත ත ය,1
si,ද ස දය ව ප ව ව දහ බ,1
si,දක ක ර ම න ගන න ප න ද,1
si,න,1
si,න අවශ යය,1
si,න න,1
si,න ප ට යක පස ම ම න,1
si,න ප රහන ප රහන ප රහ,1
si,න මට කරය,1
si,න ව ර ගත ක ර න ද ප,1
si,න ව ර ද එක එක පළම,1
si,න ව ර යග ම ක ල න කරන,1
si,න ව ල න කර ණ ව ද ප,1
si,න හ කරන න ර ල වන,1
si,ප ත ක ව සම ණ ය,1
si,ප රව අප එක එක ප න,1
si,ප රහන,1
si,ප රහන ප රහන,1
si,බ න න,1
si,බ මතක වන ඇත සමගටම ලබ,1
si,බඩ ප රහන සමඟවන න,1
si,ම ක ර ම ක ර ම ක ර,1
si,ම න දය ම ශ ර ග න මට ග,1
si,ම ශ රණය න රඹ මට ක ර,1
si,මට ක ර මට ක ර මට ක ර ම,1
si,යක ඉන න අප ත ළ ර ද,1
si,ර මට ක ර මට ක ර මට ක,1
si,ර මට සහ ක ර මට ක ර මට,1
si,ර ල ප ට කරන න ප හ ද,1
si,ව ය ව,1
si,වක ප රව නයක ප රම ණ,1
si,වට ම ද ර න ප ල බ ග න,1
si,වත සමඟව ග න ම ස යල,1
si,වර ණ කරනය,1
si,ස ට ය,1
si,ස ත ත ය ස ත ත ය,1
si,ස ස ම ක ර ද වන ඔබ,1
si,සම ද කරන න,1
si,සම ද ප ට ය,1
si,සම දය ක ර න ප රම ල,1
si,සම ම න න ක ර මට ක ර,1
si,සමගට කරන න,1
si,සහ,1
si,හ න,1
si,හ න ද න ක ර ම ප රහන,1
si,හ ඳ න ම ද ම ම න ප,1
si,ළ ය,1
si,ប ន ប ន ប ប ប ន ប ន,1
sk,a tu je všetko čo je v nespecie,1
sk,pozdravujem vás,1
sk,pozornosť,1
sk,skrutkovanie,1
sk,to je to,1
sk,to je toto,1
sk,to je všetko,1
sk,vyzerá to na to aby som sa všetko zaujel,1
sk,vyzerá to že všetci sa záleží od nás,1
sk,všetko záležité aby sme si všetci zaujímali že sa,1
sk,www aaronson com,1
sk,www arkance systems com,1
sk,www astronarium tv,1
sk,www hradeckralove com,1
sk,zaujíma sú všetci zaujímajúci,1
sk,zvonkový zvonok,1
sk,závod na výsledku,1
sk,závodná kultúra ktorá je záležitá,1
sk,čas na výsledky základ na www zajistitel cz,1
sk,čas na výstup,1
sk,čas odberať závod,1
sk,čistotorová strana,1
sk,čo,1
sk,čo je to,1
sk,čo je toto,1
sk,čo sa stalo,1
sk,čo sa stále zaujíma je že naša závodná kultúra je,1
sk,čo sa stále zaujíma je že všetci ktorí sa všetci,1
sk,čo sa stále záleží od nás,1
sk,čo to,1
sk,čo to je,1
sk,čo toto,1
sk,čo toto je,1
sk,ďakujem za pozor,1
sk,ďakujem za pozornosť,1
sk,ďakujem za pozornosť ďakujem za pozornosť ďakujem za,1
sl,aj,1
sl,ala vse je pripravljeno da se je naša glasba pripravljala,1
sl,elo,1
sl,glasba spremlja,1
sl,glasba zelo poveduje,1
sl,hvala,1
sl,hvala za izvedbo,1
sl,i dovolj,1
sl,ih vrstov vsi ki so naši vrsti so naši vrsti,1
sl,in se je to vse vseč,1
sl,in to je bilo vse kar je bilo vse,1
sl,in to je bilo zelo nekaj kar je bilo zelo nekaj kar,1
sl,izvajali,1
sl,iš hvala,1
sl,je bilo zelo nekaj kar je bilo zelo nekaj,1
sl,je zelo dobro,1
sl,kaj je bilo,1
sl,ki so naši vse,1
sl,ko je bilo to,1
sl,kot je bilo to,1
sl,lepo,1
sl,na konci,1
sl,na koncu pridružite vse vrste ki so pripravljene na vrstu,1
sl,na koniec,1
sl,na našem kanalu je tudi najin všeč da se naši vsi vid,1
sl,na našem kanalu je tudi naš prvičnični kanal vse kar,1
sl,na našem kanalu je tudi naša prvič in drugična prvič,1
sl,na našem kanalu je tudi o tem da se naša glasba in naša,1
sl,na našem kanalu je tudi o tem da se naša glasba zelo po,1
sl,na našem kanalu je tudi o tem da se naša glasba zelo v,1
sl,na našem kanalu je tudi o tem da se naša glasba zna v,1
sl,na našem kanalu je tudi taščina vsi ki so našli vše,1
sl,na našem kanalu je tudi vse kar se bova zelo všeč prip,1
sl,na našem kanalu je tudi vse kar se mora včasih izgledati,1
sl,na našem kanalu je tudi vse kar se na njem povedalo,1
sl,na našem kanalu je tudi vse kar se naša glasba ima vsi,1
sl,na našem kanalu je tudi vse kar se pravi vsi kar se pra,1
sl,na našem kanalu je tudi vse kar se pripomina,1
sl,na našem kanalu je tudi vse kar se pripomina vsi kar se,1
sl,na našem kanalu je tudi vse kar se vidi,1
sl,na našem kanalu je tudi vse kar se vidi hvala,1
sl,na našem kanalu je tudi vse kar se vidi naši vse vse,1
sl,na našem kanalu je tudi vse kar se vidi seveda je to h,1
sl,na našem kanalu je tudi vse kar se vidi vsi kar se vidi,1
sl,na našem kanalu je tudi všeč da se naši vsi vrsti naš,1
sl,na našem kanalu je tudi zelo všeč hvala,1
sl,na naši kanali,1
sl,na naši kanali je tudi vse kar se vidi zdaj všeč na,1
sl,na naši strani je to vse v pohodu,1
sl,na naši strani je to vse zelo všeč všeč da nismo na,1
sl,napis na povedu,1
sl,napisy by marko oževajanje,1
sl,napisy od vseh naših najlepših prijateljih in povedov,1
sl,naša glasba je naša glasba,1
sl,naša glasba je naša glasba naša glasba je naša glasba,1
sl,naša glasba je zelo podobna nekaj nekaj drugačega vse,1
sl,naša glasba je zelo podobna nekaj nekaj nekaj nekaj nek,1
sl,naša glasba je zelo prijatna zelo všeč zelo lepo zelo,1
sl,naša glasba je zelo zeločina zelo zeločina zelo zelo,1
sl,naši kanali,1
sl,naši prvi pripravni ki so naši pripravi so naši pripra,1
sl,naši prvi pristop je to da se je naša glasba pripravlj,1
sl,pogled na vsi vsega ki se našlo na vsega je bilo zelo z,1
sl,povzorila je naša družina ki je naša družina ki je na,1
sl,pripomina,1
sl,prosti,1
sl,ravila,1
sl,se na njih vidi je na www kakim se vem com,1
sl,vala,1
sl,veduje vsi ki so naši včasih izvajali so naši včasih,1
sl,vi,1
sl,vse kar se mora izgledati je na www srbetskaj org,1
sl,vse pravimo da je to vse pravimo,1
sl,vsi kar se bova zelo všeč pripravila,1
sl,vsi ki so naši prijatelji so naši prijatelji,1
sl,vsi ki so našli so našli,1
sl,www slušajem si,1
sl,www slušajinjad si,1
sl,www slušajme si,1
sl,www slušajmedia com,1
sl,www slušitev si,1
sl,zdaj kako je to,1
sl,zelo zelo,1
sl,č so našli naši vse,1
sl,če bi to bilo,1
sl,če je všeč bomo še tega dne,1
sl,ša družina,1
sl,šeč da se naša glasba zna,1
sl,šeč vsi ki so naši všeč so naši všeč,1
sl,ši da smo naši,1
sn,also hit the bell icon to be notified of all my,1
sn,ciao,1
sn,confederacy,1
sn,damascus roadside solo factory,1
sn,dan yt bishop subscribe and watch part 2,1
sn,danke fürs zuschauen und bis zum nächsten mal,1
sn,day of this video,1
sn,depart,1
sn,eso確実 ihnen zum festung,1
sn,i hope to see you in my next video,1
sn,i hope you'll have a wonderful перiko party this year,1
sn,i'm going to be making a video about how to make a,1
sn,if you like this video don't forget to like it and,1
sn,latest updates,1
sn,lol,1
sn,may i have your attention please the ferry will be docking,1
sn,movie nights 2 movie nights 2 premieres in,1
sn,muka ល ម ពអ ក ប ងណ pd,1
sn,please i will make a sub channel where will be the first,1
sn,shortly for your safety all passengers are to remain off,1
sn,simple and delicious tomato sauce,1
sn,som montgomery,1
sn,stairs ramps and landings until the ferry is ready to,1
sn,stay home place,1
sn,subscribe to my channel for more videos,1
sn,subscribe to the channel thank you,1
sn,thank you and love you,1
sn,thank you for watching,1
sn,thank you for watching please subscribe to my channel,1
sn,thank you for watching please subscribe to my channel now,1
sn,thank you for watching see you in the next video,1
sn,thank you for watching the video,1
sn,thank you so much for watching,1
sn,thank you very much for watching until the end,1
sn,thank you you sent us many gifts that we can keep at the,1
sn,thanks for watching and subscribe for more,1
sn,this is the end of the video thank you for watching,1
sn,too,1
sn,www l dremel strobe uf ak,1
sn,www spacevidcast com,1
sn,years,1
sn,κঝង ម ម តន,1
sn,ක ර මට ක ර මට ක ර මට,1
sn,කප න න ක ර මට ක ර මට,1
sn,කපල ස ස ස ම පළම වක,1
sn,ට න න,1
sn,ට ස න න කරන න,1
sn,ර ත පයක ස ත ත ය,1
sn,ර මට ක ර මට ක ර මට ස,1
sn,වට ප ර,1
sn,ස ස ද වන ට පළම ද වන,1
sn,සම ළ යල මම ස ල ස ට ප,1
sn,ขอบค ณ อย างน อย อย,1
sn,างน อย อย างน อย,1
sn,ច រ ត រ,1
sn,ត,1
sn,ត ត ម ភ ង រ ដ ត ម រ,1
sn,ត ប រ ហមប រ ត ចម មង,1
sn,ន,1
sn,ប ន ត រ ន ន,1
sn,ប ន ត រ ប រ ប រ ប រ,1
sn,បប បយ ន រ ប នវ មអ,1
sn,រ រ ម ម ម ន ម ន រ,1
sn,រ រ រ ម ន ន រ ម ម,1
sn,ល ន ន ង រ រ រ ន នម,1
sn,ស ន ត រ ន ត រ ន ន,1
sn,ឡ ងប ប លខ រក,1
sn,អ ក ក eyelashes អ ក អ ប ឆត,1
sn,អ ង ល ត ល ត ស ន ល,1
sn,ありがとうございます 私のチャンネルを,1
sn,います 購読して 私のチャンネルを購読,1
sn,ができます 購読して 私のチャンネルを,1
sn,きます,1
sn,こなっています 購読 いいね コメント,1
sn,してください,1
sn,を おこなっています 購読 いいね コメ,1
sn,を 残してください 私のチャンネルの購読,1
sn,を撮ってみてください 私のチャンネルの,1
sn,キャンプ場でのビデオをご覧いただき,1
sn,コメントをおこなっています,1
sn,タイムアップ,1
sn,チャンネルのビデオを 撮るための 財布をお,1
sn,チャンネルはあなたのために動画を作成して,1
sn,チャンネルをご覧ください 私の,1
sn,リクエスト コメントを 残したいです 購,1
sn,ントをおこなっています 購読 いいね,1
sn,ンネル登録をおねがいします 写真と動画,1
sn,会尽力保护它们,1
sn,写真を撮った日の バッグビデオを 新しい,1
sn,冰島綱口,1
sn,動画で撮りたいと思います コメント欄,1
sn,多謝您收睇時局新聞 再會,1
sn,多謝您的觀看,1
sn,多謝您的觀看 再會,1
sn,多謝您的觀看 如果您有任何疑問 請密切掛,1
sn,多谢观看 下集再见,1
sn,子羊群似乎被困住了 不知如何是好 但是,1
sn,它们 如果我能在这里遇到一群群群 我一定,1
sn,息,1
sn,愛しています,1
sn,我相信那些群群的生命将会被保护好 如果,1
sn,我能在这里遇到一群群群 我一定会尽力保护,1
sn,準備好了嗎,1
sn,準備好了嗎 準備好了嗎,1
sn,準備完成,1
sn,無線を使用して 電話を通過することがで,1
sn,私はあなたを愛しています 私はあなたを,1
sn,私はこのビデオを見たくなりませんでした,1
sn,言,1
sn,読 いいね コメント あたりまえの チャ,1
sn,読して より多くのビデオを作成すること,1
sn,読することを忘れないでください 私の,1
sn,订阅我的频道,1
sn,请与我分享,1
sn,请订阅我的频道 并告诉我 您将会收到最新消,1
sn,非常感谢您的观看 如果您喜欢我的视频 请,1
sn,非常感谢您的观看 如果您对此视频有帮助,1
sn,頂部の下部を下部に移動させます,1
sn,順便ご視聴ありがとうございました,1
sn,骨の上に置いておきます,1
sn,鶴の頭を見ることができます,1
sn,감사합니다,1
sn,땅콩밥과 베이컨을 가지고 먹을 생각입니다,1
so,اتصالات مدنية في مدينة مصر,1
so,اتصالوا بنا في صفحة الوصفة,1
so,اتمنى لكم ان تكونوا مستقبلين وان,1
so,اته,1
so,اشتراك في القناة,1
so,اشتركوا في القناة,1
so,ان,1
so,ترجمة من صفحة توشيق الرددر,1
so,ترجمة من صفحة عمرو جنسي,1
so,ترجمة من صفحة عمرو سيجنوني,1
so,ترجمة من صفحة محمد صالح,1
so,ترجمة من صفحة نانسي قنقر,1
so,ترجمة من صفحة کلسطينيو com,1
so,ترجمة من قبل محمد فرنسي,1
so,ترجمة من قبل موسى عمرو فاديسي,1
so,ترجمت منطقه اشتركوا في القناة,1
so,ترجمه لقناة fb com au,1
so,ترجمه لقناة fb com hk mz h h,1
so,تظروني في اي مكان,1
so,حقيق حدودهم,1
so,دينة محمول,1
so,شكرا لكم على المشاهدة,1
so,كاته,1
so,مترجمات محمد شايفان و محمد شايف,1
so,مع السلامة,1
so,موسيقى,1
so,نتمنى لكم نصف مرة من الوصول إلى م,1
so,ه,1
so,والدين مجموعة من الناس يحاولون ت,1
so,والسلام عليكم ورحمة الله وبر,1
so,والسلام عليكم ورحمة الله وبرك,1
so,والسلام عليكم ورحمة الله وبركات,1
so,وصفة للمصدر في صفحة الوصفة الأول,1
so,ى,1
sq,apo,1
sq,apojte nuk ndonje ndonje,1
sq,cand there is a community,1
sq,do shumë,1
sq,do shumë si në ndonjën e në në përkështë edhe në,1
sq,do t'a kërën do t'a kërën,1
sq,e ndonjën e ndonjën e ndonjën,1
sq,entire future depends on how rises our people,1
sq,f condiciones,1
sq,fasitit,1
sq,find out more on www kosmetik com,1
sq,foto opika,1
sq,htë te të në përkështë te të në përkështë te t,1
sq,ka ndonjën e ndonjën e ndonjën e ndonjën e ndonjën e,1
sq,ka ndonjënën ndonjënën,1
sq,ka qenënë ndonën e nështë në shumë,1
sq,ka qërën e përmënën,1
sq,kajtet e shkabat,1
sq,kajtet e shkotet,1
sq,kajtet e shumë,1
sq,kjo ndonjën e më ndonjën,1
sq,kjo shume i nje nditje qe mbohet e ti,1
sq,kjofarit e nje kohet nje ndonje,1
sq,kjofarit e një qërënë,1
sq,kjofarit e përvjetër,1
sq,kjofarit e përvërën,1
sq,kjofet,1
sq,kjofet e shumë,1
sq,kjofet në kërënën,1
sq,klaqeni shkrajteni,1
sq,klaxon,1
sq,klaxoni,1
sq,klaxons,1
sq,kos,1
sq,kukurit e përmjone,1
sq,mbërësitën e përpërmënën në nështë të kërënën,1
sq,ndonjën,1
sq,ndonën e të ndonon,1
sq,ndonën në shumën dhe nështë të kërënën,1
sq,pashkërën ndonën e përbërën,1
sq,përkështë te të në përkështë te të në përkës,1
sq,riñandidjari,1
sq,sejtet në nështërë,1
sq,sejtë në mënyën e ndonën e përmënën,1
sq,shkratka,1
sq,shkripë të shumë,1
sq,shtetën e mërtën e të dërëshën e të ndonën e të,1
sq,sosimit e shumë,1
sq,sosotetit,1
sq,sotirishti,1
sq,subscribe me na kanal me ndiheshti,1
sq,subscribe na kanal,1
sq,subtitleri by klavyr,1
sq,subtitling by klage,1
sq,subtitling by klages,1
sq,subtitling by klages com,1
sq,subtitling by klages tv,1
sq,subtitling by klavyr,1
sq,subtitlleri by klavyr,1
sq,tasna ya karta,1
sq,the end,1
sq,ë në përkështë te të në përkështë,1
sr,možda imam vašu priču vajra će se kratko završiti za,1
sr,na vrtu,1
sr,vašu osjećaj svi pasažiri će ostati u vrtu na vrtu i,1
sr,айте субтитрови на сайте,1
sr,але,1
sr,бобар саји бобар саји,1
sr,бранињи,1
sr,вашем јох пожелајте да међу и да,1
sr,ви се сравни,1
sr,е један сај а један сај је сај,1
sr,ектор в сухајева,1
sr,ектор в сухајеви,1
sr,и на канал,1
sr,и ово је унишће у мојем клипу,1
sr,ишите са на канале,1
sr,ка,1
sr,канал,1
sr,овакви је било да се је оваквија,1
sr,ово је исто,1
sr,ово је оваквија работа,1
sr,одбранимо реке старе планине,1
sr,одбранимо је најболће,1
sr,одбранимо је сајкане,1
sr,одбранимо је уједној експедициј,1
sr,одбранимо је уједној експозициј,1
sr,одбранимо је уједној ранковињи,1
sr,подбориња на субтитри пиши на,1
sr,подпиште канал и скрибите канал,1
sr,пост,1
sr,продавање сајата на канала,1
sr,продавање ситној кање,1
sr,продавање српског српска,1
sr,продавање српског српског српс,1
sr,продавање српскојској експреси,1
sr,продавање субтитрове и субтит,1
sr,продавање субтитрове на канале,1
sr,продавање субтитрове на каналу,1
sr,продавање субтитрове субтитров,1
sr,продолжение са субтитрами на с,1
sr,редактор субтитров м лосева кор,1
sr,рови на каналу југа југа,1
sr,своје је свење на један сај сај,1
sr,се најважно да је исто,1
sr,се смејамо да је овде,1
sr,се смејање је једна од једној од,1
sr,сељава,1
sr,сењор од србија,1
sr,српска српска,1
sr,старе планине,1
sr,субтитри и субтитри је само на,1
sr,субтитри овој канала,1
sr,субтитри одбрани у субтитрах п,1
sr,субтитри одбрани је канал кан,1
sr,субтитри са ви сељ,1
sr,субтитри са самији пишите како,1
sr,субтитри са светлану кањуњеву,1
sr,субтитри са светлану куњевињу,1
sr,субтитри са семије,1
sr,субтитри са семји,1
sr,субтитри са симонимом,1
sr,субтитри са синам викторе,1
sr,субтитри са синема борсима,1
sr,субтитри са синема кућина,1
sr,субтитри са синема кућијеви,1
sr,субтитри са синема кућијевима,1
sr,субтитри са синима борса,1
sr,субтитри са синима борској,1
sr,субтитри са синима канала,1
sr,субтитри са синима конца,1
sr,субтитри са синима коњина,1
sr,субтитри са синима куњина,1
sr,субтитри са синима мењу,1
sr,субтитри са синима мењуња,1
sr,субтитри са синима пањења,1
sr,субтитри саји со својим видео,1
sr,субтитри сајку на канал,1
sr,субтитри си на канал,1
sr,субтитри је на најдобаром углаћ,1
sr,у вићија најболеша,1
sr,штаре,1
sr,штаре једна од једна,1
sr,јај,1
sr,је ви јаћу,1
su,atau kan,1
su,bersambung,1
su,dieses video ist von mir,1
su,ich habe es nicht verstanden,1
su,sampai jumpa di lain video,1
su,sila klik langganan dan subscribe untuk dapatkan lain,1
su,silakan berlangganan,1
su,terima kasih,1
su,terima kasih banyak,1
su,terima kasih kerana menonton,1
su,video,1
sv,ala hälsovårds och sjukvårds och sjukvårds och sjukv,1
sv,bara,1
sv,det här är en av de flesta avgifter som vi har fått de,1
sv,det är en stor fisk,1
sv,det är en väldigt fin musikgrupp,1
sv,detta är en av de flesta avslutningar som vi har,1
sv,detta är en av de flesta avslutningar som vi har detta,1
sv,detta är en av de stora problemen med att få en bil som,1
sv,detta är en av flera videor som jag har gjort,1
sv,detta är en av flera videor som jag har gjort kolla gär,1
sv,detta är en av flera videor som jag har gjort lämna gär,1
sv,ett tack till mina supporters via patreon,1
sv,glöm inte att prenumerera på min kanal,1
sv,gu se,1
sv,gå in i videon och se hur det går,1
sv,gå in i vår webbplats www slu se,1
sv,hjälp,1
sv,jning se,1
sv,kerheten,1
sv,kunde vara med och hjälpa,1
sv,na den här videon,1
sv,na en tumme upp eller ner det är mycket kul att få se,1
sv,skolans skolprojekt,1
sv,som vi har fått,1
sv,svansktextning nu,1
sv,svensktextning nu,1
sv,tack för att du tittade,1
sv,tack för att du tittade på den här videon,1
sv,tack för uppmärksamheten,1
sv,tack till alla som har tittat på videon,1
sv,tack till alla som tittade på videon,1
sv,tack till elever och personal vid röda övervånan,1
sv,tack till elever och personal vid säkerhetssäkerheten,1
sv,tack till elever och personal vid säkerhetssäkerhetssä,1
sv,tack till elever och personal vid söderstads och kommun,1
sv,tack till elever och personal vid söderstads och yttersta,1
sv,tack till elever och personal vid söderström,1
sv,tack till elever och personal vid vård och trafikförsör,1
sv,tack till elever och personal vid vårdkommunikationen,1
sv,tack till elever och personal vid vårdkontoret för att de,1
sv,tack till elever och personal vid vårdkontoret för deras,1
sv,tack till elever och personal vid vårdtids och tjänstem,1
sv,textning av andreas jönsson www btistudios com,1
sv,textning av karin eriksson www btistudios com,1
sv,textning nu,1
sv,textning och redigering av marin körlund kronoberg,1
sv,undertexter från amara org gemenskapen,1
sv,vad är det som gör att du är så liten,1
sv,änskapssamhället,1
sv,är en av de flesta avslutningar som vi har,1
sv,är så lång som möjligt,1
sv,är väldigt bra de har en bra kraft och det är en avgift,1
sv,årdsprogrammet,1
sv,över,1
sv,över här,1
sw,dele anashidi ncho,1
sw,hapana,1
sw,huufa,1
sw,kutoka mbili kutoka mbili kutoka mbili kutoka mbili,1
sw,kwa hivyo,1
sw,kwa hivyo hivyo,1
sw,kwa hivyo kutoka kwa kwa hivyo,1
sw,kwa hivyo kutoka wa hivyo ni mtu,1
sw,kwa hivyo kwa kwa hivyo,1
sw,kwa hivyo kwa mbili kwa mbili kwa mbili,1
sw,kwa hivyo kwa mbili wa mbili wa mbili wa mbili wa mbili,1
sw,kwa hivyo kwa mtu,1
sw,kwa hivyo kwa mtu hivyo kwa kwa mtu,1
sw,kwa hivyo mbaya,1
sw,kwa hivyo mbaya mbaya,1
sw,kwa hivyo mbaya mbaya mbaya,1
sw,kwa hivyo mtoto mtoto mtoto,1
sw,kwa hivyo mtotoa,1
sw,kwa hivyo mtotoa mtotoa,1
sw,kwa hivyo mtotoa mtotoa mtotoa mtotoa,1
sw,kwa hivyo mwisho,1
sw,kwa hivyo mwisho hivyo mwisho,1
sw,kwa hivyo mwisho mtoto mtoto,1
sw,kwa hivyo mwisho mtotoa kwa mtuo,1
sw,kwa hivyo mwisho mwisho,1
sw,kwa hivyo mwisho mwisho kwa mbili,1
sw,kwa hivyo mwisho mwisho kwa mwisho,1
sw,kwa hivyo mwisho mwisho ni mwisho,1
sw,mwisho,1
sw,mwisho kutoka wa mbili ya kufanya,1
sw,mwisho mtotoa,1
sw,mwisho ni mnaniwa mtoto mwisho ni mtoto mtoto mwisho ni m,1
sw,naiweza,1
sw,ndiyo kutoka mbili kwa mbili,1
sw,ni mbaya mtotoa,1
sw,ni mwangu ndiyo ni mwangu,1
sw,ni mwenye mwisho,1
sw,niniwa mwisho,1
sw,ta highwayanne sio sio sio sia,1
sw,toto mtoto mwisho ni mtoto,1
sw,tuko kutoka mbili kutoka mbili kutoka mbili kutoka mbili,1
sw,wewe vileence mapo moja,1
ta,அண ண,1
ta,அன வர ம அற ய ல,1
ta,அல லவ,1
ta,இத வ ரத த ல இர க க,1
ta,இர க க ம,1
ta,இரண ட க ட ம பத த ல,1
ta,இல ல ய,1
ta,இவர கள இவர கள இவர,1
ta,உங கள ப த க ப ப ல,1
ta,க க கள ப பற ற பண ண,1
ta,க க ம வழக க கள ய ம,1
ta,க க ய ம பரவ ய ல ல ம,1
ta,க கத த ல இர க க ம,1
ta,க கத த ல இர க க ம வ,1
ta,க ண ட வர க ற ன,1
ta,க ண ள ய ல வர த த க,1
ta,க த த ர க க றத,1
ta,க த த ர ங கள,1
ta,க ப பற ற பண ண யல,1
ta,க ம,1
ta,க ம வழக க ப பற ற பண,1
ta,க ம வழக க ய ம பரவ ய,1
ta,க ய ன வ ஷயங கள,1
ta,க ற த த க க ண ட வ ய,1
ta,க ற ந த க ண ட வ ங க,1
ta,க ற ந த க ண ட வ ர ங,1
ta,க ற ந த க ண ட வர க,1
ta,க ற ந த க ண ட வழக க,1
ta,க ற ந த க ல ய ல இத,1
ta,க ற ப ப ன ப த ய ப பற,1
ta,க ற ய க ல ய ல இர க க,1
ta,க ல ய ல இரவ ம ற ய ன,1
ta,க ல வ ழ த த க க ள ள,1
ta,க ல வ ழ த த கள,1
ta,க ல வணக கம,1
ta,க ல வழக க,1
ta,க ல வழக க ம ந ல ய ல,1
ta,க ல வழக க ம வழக க ம,1
ta,க ழ வ ய ப ப க க ந ற,1
ta,க ழந த ய ன அர க ல வ,1
ta,கண ட ப ப க இர க க ம,1
ta,கண ட ப ப க இர க க றத,1
ta,கண ட ப ப க வ ழ த த,1
ta,கண ண க க ம வழக க கள,1
ta,கண ண ப ப க க ண ப க,1
ta,கண ண ப ப க க ண ப ப,1
ta,கண ண ய ன வழக க கள,1
ta,கண ண ய ல இரச ச யம இ,1
ta,கண ண யம இர க க ம வழ,1
ta,கண ண யம இல ல ய,1
ta,கண ண யம ன படக கம,1
ta,கண ண யம ன வ ஷயங கள,1
ta,கள இத வரச ச ய த க,1
ta,கள இவர கள இவர கள இவ,1
ta,கள ய ம,1
ta,கள ய ம பர ய த,1
ta,ச ய த க ண ட ப ர த த,1
ta,ச ய த க ண ட வ ங க க,1
ta,ச ய த ய ன க த த ரம,1
ta,ச ய த ய ன ம க க யம,1
ta,ட ட க க ண ட இர க க,1
ta,ண யல இர க க ம,1
ta,ண யல இர க க ம பண ண,1
ta,ண யல இர க க ம வழக,1
ta,த த க ட த த க க ள,1
ta,த பண ண ன இயச ச ச ல,1
ta,ப,1
ta,ப ப க க வர க றத,1
ta,ப யர கள அவர கள க தல,1
ta,ப ரச ச ன க ட க ற ர,1
ta,பட ட க க ள ள ங கள,1
ta,பட ட யம இல ல ய,1
ta,பண ண ன இயச ச சவர ந,1
ta,பண ண யல இர க க ம பண,1
ta,பண ண யல இர க க ம வழ,1
ta,பண ய ல இர க க ம பண,1
ta,பண ய ளர கள இத வ ழ க,1
ta,பரவ ய ல ல மல இர க,1
ta,பற ற பண ண யல இர க,1
ta,ம,1
ta,ம ட ய ல இர க க ம,1
ta,ம ந கழ ச ச கள ப ப,1
ta,ம பண,1
ta,ம பண ய,1
ta,ம வ ர ப ப கள,1
ta,ம வர ய ல வர க றத,1
ta,ம வழக கத த ல,1
ta,மறந த க ள ள ங கள,1
ta,ய ங கள,1
ta,ய ம பரவ ய ல ல மல இ,1
ta,ய ல இர க க ம பண ய ல,1
ta,யல இர க க ம,1
ta,யல இர க க ம வழக க ப,1
ta,ர கள,1
ta,ர கள இவர கள இவர கள,1
ta,ர த த க க ள ள ங கள,1
ta,ரச ச யம இரச ச யம,1
ta,ற ச ல ல ய ர க க ற,1
ta,ற ம,1
ta,ற ய,1
ta,ற ய ச ய த ய ளர கள எ,1
ta,ற ர கள,1
ta,றத,1
ta,ல,1
ta,ல இர க க ம வயத ல,1
ta,ல ம பத ல ப ச க ற ர,1
ta,ல ல மல இர க க ம வழ,1
ta,ள ங கள,1
ta,ளல ம,1
ta,ழ ப பத என ற வ ளக க,1
ta,வ கனத த ச ச ற த ந ர,1
ta,வ கனத த ப ப ர த த க,1
ta,வ ட ட ல த ர யவ ல ல,1
ta,வ ட த த க க ள ள ங,1
ta,வ ளக க ம வ ளக க ம,1
ta,வ ளக கம,1
ta,வ ழ த த கள,1
ta,வ ஷயங கள நடந த க ள,1
ta,வணக கம,1
ta,வயத ல இர க க ம வயத,1
ta,வழக க ம,1
ta,வழக கத த ல இர க க,1
ta,வழக கத த ல இர க க ம,1
te,5 omega 3,1
te,además los,1
te,ava ru,1
te,aş క మ గర య ట ప ప ల,1
te,diya,1
te,earbuds సరణ,1
te,ergette un video un futuro video records como hacer uyun,1
te,exclusive clip,1
te,fili rawa youtube channel,1
te,free resto 500,1
te,gae,1
te,guvan,1
te,hahahahahahahahahahahaha,1
te,hanbol,1
te,i,1
te,intelig,1
te,oda maga,1
te,outro,1
te,powerful jpg,1
te,prakash murut,1
te,prasapatti,1
te,promethini vikara,1
te,prusimitungul chancellor,1
te,raid container,1
te,sivsava,1
te,thank you for watching,1
te,thank you for watching please subscribe to our channel,1
te,thanks for watching,1
te,thunder,1
te,thunder thunder thunder thunder thunder thunder,1
te,title acting by mani kalani,1
te,wasam dinner,1
te,wish you a very happy hearing day,1
te,êtes,1
te,ørˍ bˆt ˆørme fareaq,1
te,क ल taxes for political,1
te,कत पल कर,1
te,ड रर ण ltd 2 service board,1
te,य सल स हकतवन म,1
te,सम थ america,1
te,அந த ள ள ஸ டற இப ப,1
te,இரக இரக,1
te,இலக க இட,1
te,இலக க எப பவ இவ வ வ ல,1
te,இலக க கழ கந ய,1
te,இலக க கவரத தவல இர ந,1
te,இவர வ க க ச தல க வ,1
te,இவல இர தவத இவல இர,1
te,சர,1
te,ட டర,1
te,ண ய,1
te,தத,1
te,தவத இவல இர தவ,1
te,ந வ லக க இவந,1
te,வணக கம,1
te,అద మ ఎ చ స ప ప డ క,1
te,ఆప మ మ న ప పత త ల ఇ,1
te,ఆపర క వ త న న ప ల గ,1
te,ఇద ల ల చ వ ర కల,1
te,ఉ న న స వత సర జ స,1
te,ఎక డ ప ల వ డ గ రత త,1
te,ఏక స ర,1
te,ఒక వ క య చ బ ద మ న,1
te,క క ప మ ర క త త చ,1
te,క గ ప ర స క ప ర ధ,1
te,క మ న న ప ర ధ ప ర స,1
te,క వ రక త ర క మర య ప,1
te,క వ రక త ల ల మర య ప,1
te,క వ స త వర వ చ న,1
te,క స మ ప డ క వ స టగ,1
te,గ క ప ద య చ ద ద భ,1
te,గ డ డ ర డ,1
te,గ న,1
te,గ య వ గ వత వధ క క,1
te,గ స ట,1
te,చ ట ద,1
te,చ న మ ర క క ట డ,1
te,చ స త ద ప న న క న,1
te,ఛ మ స ప ఇర వ త sachin,1
te,ట డ,1
te,ట వల ప ర మస టల ఏక ఉ,1
te,డ,1
te,డ చ స త గ ఉ డ వర గ,1
te,త గ కర,1
te,ద,1
te,ద ప డ,1
te,న,1
te,న గ మ స చ క ర స వ న,1
te,న జన క,1
te,న మ న పట ద న చ స ధ,1
te,న మ న పట న ప ర ల,1
te,న య న త బ ర గ మ గ,1
te,పట మధ ర మ ఇద య క వ,1
te,పట వ శ య చ ద,1
te,పట వ శ య చ మర య ప ర,1
te,బ ఎ మ న ద ప చ ప ట,1
te,బ గ గ న న న ప క ష,1
te,మ చ క క ర వ,1
te,మ చ స త ద జ న న మ,1
te,మ త త స వ న య ద,1
te,మ న న క న న న పర చ,1
te,మ న న ప ర వ యల బ ల,1
te,మ స త న న క చ ఎ డ,1
te,మర య ప శ య న వ శ,1
te,య న న ప డ గ గ,1
te,ర డ స క న న ఏక త బ,1
te,ర ణ వ ర ష క పన న,1
te,ల క క అ ద న వ డ ప,1
te,ల ప ధ న ప ట ట భ ధ,1
te,ల బ య య ప రబ ర చ,1
te,ల స ద ప ల స ద,1
te,వ య వథ బ డ న మ న పట,1
te,వ ర డ,1
te,వ ర ధన క న న డ బ ర,1
te,వ ర ర డ స వ మ స,1
te,వ ర వయక ఉత తమ మ న పట,1
te,వ రక క వ ర డ క ప ల,1
te,వ స త మ ష చ క ఏక న,1
te,వఢత స వ షల ల చ ఎ సర,1
te,వత సర,1
te,వహ సబ సల ప ధ గ న స,1
te,శ న న,1
te,ష క ద స వ ర ష క ద,1
te,స గ య గ డ,1
te,స గ షన క వ థ క వ,1
te,స గ స తర ర గళ గ స త,1
te,స జ వత క వ ధ rs grosse,1
te,స ట ర స ప న స క ల,1
te,స త ప శ చ ర గ చ,1
te,స న స వత సర మ గ స న,1
te,స మ ల క క న మ డ స,1
te,స వ ప త ల మ డ బ స,1
te,స వ ర ష,1
te,స వ ర ష క గ గ గ,1
te,స వ ర ష క ద,1
te,స వ ర ష క ద స వ ర,1
te,స వ ష ల మ న పట మ న,1
te,స వత సర,1
te,స వత సర మ న,1
te,ಈɣɵ mujə ŋuːþ ɔˈ bev ˆ m尿iraq ðɪŋ ˆ,1
te,ಗ ಬ ಗ ಬ ಚ ನ ಸ ಯವ,1
te,ಬದಲ raised,1
te,ರ ಗ ರ ಕ ಕ ಕ ಟ ಟ,1
te,ರ ನ ನ ಮ ಡ ಕ,1
te,ಸದ ಧವರ ಗ ಸ ದ ಸ ದ ಧವ,1
te,ම ශ ර ශය හ ක,1
te,සමඕ ප ස සම ම ම ට ඔබ,1
te,以及美好伴侶已經相沒,1
te,最 ప చ గ,1
te,第三 婚禮前以來 隔離婚禮的時間和理想,1
te,羅 新中學之前的一貫屋主,1
te,首先 噬周袓蕾屋隊長 和意志 這一區也是西,1
te,터シ specialist,1
tg,араўна,1
tg,арда қар,1
tg,ба ба ба,1
tg,ба што деце мушка кедви,1
tg,барабан барабан барабан,1
tg,барабан казахстан,1
tg,барабан канада,1
tg,барабан канада 19 6 2014,1
tg,барабан канада 1988,1
tg,барабан кандаш 1932,1
tg,барабанна ба баўа ба барабанна,1
tg,барабанна бараўа,1
tg,барабанна бараўна барабанна б,1
tg,барабанна гаўа,1
tg,барабанна доза доза,1
tg,барабанна зона,1
tg,барабанна карбина барабанна ка,1
tg,барабанна кида барабанна кида,1
tg,барабанна кукурка,1
tg,барабанна кукушка,1
tg,барабанна култура,1
tg,барабанна культура бил барабан,1
tg,барабанна культура как што бил,1
tg,барабанна курица,1
tg,барабанна музика,1
tg,барабанна па бараўна,1
tg,барабанна паста,1
tg,барабанна система,1
tg,баст,1
tg,канал добро пишет,1
tg,канал которые ме прашау,1
tg,канализация,1
tg,мелодия,1
tg,мелсыг,1
tg,на культура,1
tg,овакин канада 19 6 2014,1
tg,овакини казахстан,1
tg,рбина барабанна карбина,1
tg,субтитры от а с цикорс,1
tg,таба үшке үшке таба үшке үшке,1
tg,қа қаўа ғаўа ғаўа,1
tg,қаза қатаман ба ҳарда ұшкар ба ҳ,1
tg,қалай қалаған,1
tg,қаналда ба балдан ба табор,1
tg,үазу ба үшке таба үшке үшке үшке,1
tg,ඇට එකට අවශ ය සහ ය සහල,1
tg,උදළක,1
tg,ක ර මට ක ම න න,1
tg,ගමට සමග ක ම න න කරන,1
tg,දඐන න ප ඛර ග ක ර යක,1
tg,න,1
th,ขอบค ณคร บ,1
th,ขอบค ณท ร บชม อย าล,1
th,ขอบค ณท ร บชม และขอ,1
th,ขอบค ณท รอกมากท ส,1
th,ขอบค ณส าหร บคนท ร บ,1
th,ขอบค ณส าหร บความชม,1
th,ขอบค ณส าหร บความส ข,1
th,ขอบค ณส าหร บชม,1
th,ขอบค ณส าหร บชม ขอบค,1
th,ขอบค ณส าหร บชม และขอ,1
th,ขอบค ณส าหร บชม และส า,1
th,ขอร องนะคร บ เร อจะถ,1
th,ค ญ,1
th,ค ณท ร บชม ตอนน,1
th,คน ท ร บชม ก บท กคน ท,1
th,คนท ร บชม,1
th,งถ งแล ว สภาพท ค ณ,1
th,ชม และส าหร บความส ขข,1
th,ชม และส าหร บชมชาต ธร,1
th,ณท ร บชม นายคนอ น,1
th,ณส าหร บชม,1
th,ณส าหร บชม ขอบค ณส าหร,1
th,ด และขอบค ณท ร บชม น,1
th,ท ร ก ขอบค ณส าหร บค,1
th,ท ได ร บชม,1
th,น,1
th,บค ณท ร บชม ก บท ก,1
th,บค ณท ร บชม ตอนน ข,1
th,บค ณท ร บชม นะคร บ,1
th,บค ณส าหร บชม ท ร กษ,1
th,บชม,1
th,บชม กระว งให ส ดยอด,1
th,บนบนบน และต ดต อส,1
th,ปลอดภ ย ท กคนต องอย,1
th,มกด subscribe ให ความส ข,1
th,ยท ร บชม,1
th,ร บชม ก บท กคน,1
th,ร บชม และขอบค ณท ร,1
th,รมชาต,1
th,วงเวลา,1
th,วงเวลา ขอบค ณท ร บ,1
th,วยเรา,1
th,วามส ขท ร ก ขอบค ณส,1
th,สว สด คร บ ขอบค ณท,1
th,หร บการการกล บมาท น,1
th,หร บความร ส ก ของชม,1
th,อง salaam alaikum,1
th,องช วงเวลา,1
th,อบค ณ นาย และคร แอ ช,1
th,อบค ณท ร บชม และขอบ,1
th,าช ว ตของเรา,1
th,าหร บความส ขท ร ก,1
th,และส าหร บความชมท ส า,1
th,และส าหร บความส ขของช,1
th,และสน กของค ณ ท ช,1
th,และสน กของชาวน ขอบ,1
tk,armansız kutsal campriot,1
tk,bizlixin net youtube com arzulaz,1
tk,bye bye,1
tk,estás y,1
tk,gen 티ến,1
tk,gloedman,1
tk,irshad'ın dilde,1
tk,malı zhan,1
tk,mariupel california,1
tk,sosnotre,1
tk,ter kevt þessir,1
tk,upcycling,1
tk,with your comments,1
tk,x шабблет,1
tk,y rotation,1
tk,yd 281 бéndе бау voice web тут аж б kommentar,1
tk,zirnuqkar,1
tk,şifro,1
tk,əkbar,1
tk,ərсіңің үшін қарай қайдаңыз,1
tk,ай жараймын әңдері өлімді қарай,1
tk,арай бәріп қарай бәріп,1
tk,арақын,1
tk,арақын қарайын қайта қарайқын қ,1
tk,ару әңбару әңбару әңбару әңбару,1
tk,болырата ішità касахірізділ balıp,1
tk,бәрі қалаймын,1
tk,дың бұл үшін сөздерді,1
tk,жараймын,1
tk,және қорай қанай ұшқан әрі және,1
tk,зінді әңкүрлік өзінді,1
tk,п өз және әді,1
tk,р көрсі әріп өрсіз бе әр көрсі ә,1
tk,рсіп өз және әді әңкүрлік көрсі,1
tk,рі түрлі қалаймын әр бәрі әккені,1
tk,ріп өрсіз бе,1
tk,шметшен де,1
tk,ім ба әр бірім,1
tk,қ қырғын,1
tk,қанай қанай,1
tk,қарай rouzmanым,1
tk,қарай аңдай бәріп қарай бәріп қ,1
tk,қарай қазірген қарай бақытым қ,1
tk,қарай қай,1
tk,қарай қайдаңыз,1
tk,қарай қандай қандай,1
tk,қарай құрған және қанай қой әрі,1
tk,қарайын бәрі қолдайды,1
tk,қарайын қайта қарайқын қайтын қ,1
tk,қарапаңыз,1
tk,қарақ қырғын қарақ қырғын қара,1
tk,қорай қой,1
tk,құшыр құшыр,1
tk,құшыр құшыр құшыр құшыр құшыр,1
tk,ңбару,1
tk,ңбару әңбару әңбару әңбару әңб,1
tk,үшін әңкүрлік өзінді әңкүрлік ө,1
tk,үызган жүріп қалай,1
tk,әр келдігі ба әр бірім ба әр бір,1
tk,әр көрген көрсі әріп өрсіз бе ә,1
tk,әр көрсетің белді бәрі әккені бә,1
tk,әрі және бәрі қиын жараймын,1
tk,әңбай әңбай,1
tk,әңбару әңбару әңбару әңбару әңб,1
tk,әңбарған өте қобайдың бұл үшін с,1
tk,әңбас,1
tk,әңдері өз өлімді қарай жараймын,1
tk,әңі қарай әрің бәрі өткені дүріп,1
tk,әңі құлған және әңкүрлік көрсіп,1
tk,әңі құлған және әңкүрлік өзінді,1
tk,өз бұл бұл жоқ қарай өлімді қар,1
tk,өз жүріп өз және әді әңкүрлік к,1
tk,өздерді қарандар үшін өте қобай,1
tk,өткені әрің бәрі өткені өткені,1
tk,ච න අප ම න න සහල ප න,1
tk,ය කරන න,1
tk,ශ රණය සහල ප න ම ශ රණ,1
tk,හර න න සහල ප න බඩ ම,1
tk,რღეშვ გმბარღ,1
tk,ᡏ յ ᑮ verg donc,1
tl,__________________________________________________________,1
tl,chop dezeg,1
tl,for watching i'll see you in the next video bye,1
tl,for your safety all passengers are to remain off stairs,1
tl,haha haha hahahaha,1
tl,i don't want to be a hero i don't want to be a hero,1
tl,i'm so sorry,1
tl,like and subscribe for more,1
tl,like and subscribe for more videose,1
tl,mabuti sa mga mga kakaibang video,1
tl,mabuti sa mga mga magiging video,1
tl,may i have your attention please the ferry will be docking,1
tl,music,1
tl,outro,1
tl,pag i post,1
tl,pagka iisip na pag iisip mag iisip na pag iisip,1
tl,pagka iisip sa pag iisip mag iisip sa pag iisip,1
tl,pagka iisip sa pagbibigay magkakita ka sa pagbibigay,1
tl,pagkakataon pagkakataon pagkakataon,1
tl,pagkatapos magiging pangangangin na pagkakataon,1
tl,pagkatapos na ito magiging mga kaibigan,1
tl,pepe,1
tl,please subscribe,1
tl,please subscribe to my channel thank you,1
tl,ramps and landings,1
tl,sa isang pag ibig ay maaari na mag iisip sa isang pag ibig,1
tl,sa isang pag ibig ay magiging mahal,1
tl,sa sushi rok,1
tl,shortly,1
tl,so i'm going to go to the bathroom now,1
tl,so i'm just gonna end the video here thank you so much,1
tl,so ito ang ito,1
tl,so ito yung mga magiging video,1
tl,sub by rvlz,1
tl,sub by www zeinababdi com,1
tl,subbed by stan lee stan lee stanlee com au,1
tl,subbed by zoninsidelight,1
tl,thank you for watching,1
tl,thank you for watching please subscribe,1
tl,thank you for watching please subscribe for more videos,1
tl,thank you for watching please subscribe to support us,1
tl,thank you very much for watching,1
tl,tungkol ng shoulders,1
tr,abone olmayı beğenmeyi ve yorum yapmayı unutmayın,1
tr,abone olmayı ve videoyu beğenmeyi unutmayın,1
tr,abone olmayı yorum yapmayı ve beğen butonuna tıklam,1
tr,afiyet olsun,1
tr,altyazı m k,1
tr,ayı unutmayın,1
tr,ayı unutmayın teşekkürler,1
tr,bir sonraki videoda görüşürüz,1
tr,bu videoyu beğenmeyi ve kanalımıza abone olmayı unut,1
tr,görüşürüz,1
tr,i zlediğiniz için teşekkür ederim,1
tr,i zlediğiniz için teşekkür ederim bir sonraki videoda,1
tr,instagram da hoscakalin,1
tr,instagram'da ki videoları da paylaşabilirsiniz,1
tr,kanalıma abone olmayı ve videoyu beğenmeyi unutmayın,1
tr,kanalıma abone olmayı yorum yapmayı ve beğen butonuna,1
tr,mayın teşekkürler,1
tr,olsun,1
tr,tıklamayı unutmayın,1
tr,ve bu şekilde de gizli cimrimizdeki gibi,1
tr,www feyyaz tv,1
tr,yeni videolarda görüşünceye kadar hoşçakalın,1
tr,çeviri ve altyazı m k,1
tt,107 320,1
tt,age 19,1
tt,albo,1
tt,b,1
tt,baka,1
tt,buzi,1
tt,dueta,1
tt,günler,1
tt,h,1
tt,hajar,1
tt,happy easter,1
tt,https www kurdistan gov uk,1
tt,https www youtube com kr,1
tt,i'm playing aettype recently,1
tt,i'm然后呢 阿滴今天脚踹不着个四十分钟哦,1
tt,macau,1
tt,mandsola,1
tt,may i have your attention please the ferry will be docking,1
tt,menü,1
tt,merci,1
tt,o o,1
tt,odein,1
tt,osu,1
tt,peace,1
tt,pl kalak parkada,1
tt,rezeka ramazan sazliy,1
tt,sezon hakka,1
tt,shortly for your safety all passengers are to remain off,1
tt,show love,1
tt,stairs ramps and landings of the ferry,1
tt,stay healthy everybody,1
tt,thank you for watching,1
tt,this is the end of the video thank you for watching,1
tt,this is the end of the video thank you for watching it,1
tt,toronjo,1
tt,uksoi,1
tt,umbilisitasun hau,1
tt,urala urala,1
tt,usa,1
tt,use video ekranu,1
tt,usta,1
tt,www subsedit com,1
tt,þauk etisa sahalmutan,1
tt,əg əli təvət əli təvət,1
tt,ək tə bədər tə ərək,1
tt,ək tə gɨrdəm əskitək,1
tt,ək tə ɣiʂɨnək,1
tt,ək tə ɣɨsɨnək,1
tt,əli kisilä əli kisilä əli kisilä,1
tt,əpшы өк,1
tt,ər əsənə əsənə,1
tt,ərək ərək,1
tt,əҳ өң әң бар әҳн әлі өл әҳр,1
tt,а,1
tt,ай,1
tt,айтай құрбатайқа құрбатайқа ытн,1
tt,арай қарай қарай қарай қарай,1
tt,арлай,1
tt,арға,1
tt,атайқа құрбатайқа құрбатайқа құ,1
tt,аяҳа құрбатайқа құрбатайқа құрб,1
tt,беу өңбеу өңбеу,1
tt,біла біла біла,1
tt,дай қал қарлай қал қарлай қал қ,1
tt,організація біла біла біла біла,1
tt,оро қал ғарлай бұл үшкен қал ғал,1
tt,пастви,1
tt,рбатайқа құрбатайқа құрбатайқа,1
tt,рткен жәрт,1
tt,фактор георгии георгии георгии,1
tt,фактор георгии георгиї пастви,1
tt,фактор георгії георгии георгии,1
tt,фактор георгії георгії пастви,1
tt,қадыр ғалдай бұл бұл үшкен қал қ,1
tt,қазірголды шындаңымын,1
tt,қалай түрлі қақырдың бәрлі қар,1
tt,қалған қалған қалған қалған,1
tt,қарай ғалған ғалған,1
tt,қарай қайтай құрбатайқа қарай қ,1
tt,қарай үшін үшін үшін,1
tt,қаран өз түрлі қаваңыз қарай қ,1
tt,қау,1
tt,құдай құдай,1
tt,құр дверness sinbox,1
tt,құрған және ған көзең көрдің өкс,1
tt,әркан әрткен жәрт бәрбе әркан ә,1
tt,әсі нгэррзостбікі түрсиг,1
tt,әсі нгэррзостбікі түрсіг,1
tt,әңбөз бәрі қалай бәрі үшін қарас,1
tt,өз бәрісі,1
tt,өз бәрісі әрің бәрісі өз бәрісі,1
tt,өліг бәрін өншін өрі үшін бәрін,1
tt,өліме,1
tt,өәлің өліме дүрдіңе өліме өліме,1
tt,өәр өңбеу өңбеу өңбеу өңбеу өң,1
tt,өӳр әлі әҳр,1
tt,өӳр әлі өл әҳр,1
tt,ը քը քը քը քձ կանք,1
tt,ի ց քի ց քի ց քի քի ց քի ց քո քը քը,1
tt,որ կինվ քի կացով ամ քի քի քի ց քի,1
tt,ս potentially dishonest绰ぁ,1
tt,փոչում քի քի քի քի քի քի քի ց քի ց,1
tt,ආ ත තර අප අප ප ගන න,1
tt,ඇන නම වන ස සන ම කරන න,1
tt,ම,1
tt,සබන න ම ශර ණයක න රඹ,1
tt,ក ត អ ប អ ងគ ម ហ,1
tt,ន រ រ រ រ ប ម,1
tt,នរចអ យពហips,1
tt,ប ចមព ច យល ម អ,1
tt,ប ស ន ឣ ន រ រ រ ស,1
tt,ស ន ងប រ ប រម,1
tt,ស រ នប,1
tt,ṭhāni ṭhāni,1
tt,你可以在这里表明一下有些信息,1
tt,有点想要把这个视频播放到臉書一起看,1
uk,ви бачите що я збираюся вийти зі,1
uk,дякую,1
uk,дякую за вашу підтримку,1
uk,звуки вибухів,1
uk,підписуйтесь на наш канал,1
uk,своїх дімків,1
uk,субтитрувальниця оля шор,1
ur,apply for job without reason,1
ur,www ykming com,1
ur,آپ نے اسے کھول دیا ہے,1
ur,آپ نے اپنے بہنوں کو دیکھا,1
ur,آپ کو ایک اہم عمل کرنے کی ضرورت,1
ur,ا ہوا ہے,1
ur,ا ہوں,1
ur,ا ہے,1
ur,ا ہے تو اس کے بارے میں بھی ایک ویڈ,1
ur,ا ہے تو اس کے بعد بھی اس کے بارے,1
ur,ا ہے تو اسے کمیویٹر کو کمیویٹر کا,1
ur,ائیو اور کلیکس پر مل جاتا ہے,1
ur,ائیو کو دیکھیں,1
ur,ائے گا,1
ur,اتھ بھی کھڑے ہیں,1
ur,ادہ محسوس کیا ہے,1
ur,اس ویڈیو میں بھی ایک بہترین ویڈی,1
ur,اس ویڈیو میں بہترین ویڈیو کی ت,1
ur,اسے کسی بھی سیڈیو پر رہنے والے,1
ur,امات ملتی ہیں,1
ur,امات ملتے ہیں,1
ur,امات ملتے ہیں تو آپ کو یہاں سے بہت,1
ur,امات کو دیکھنا چاہتے ہیں تو آپ کو,1
ur,امید ہے کہ آپ کو ایک بہترین ویڈیو,1
ur,امید ہے کہ ہم اپنے بہترین حیات کو,1
ur,امید ہے کہ یہ ایک بہترین ویڈیو,1
ur,امید ہے کہ یہ ایک نشانہ ہے جس میں,1
ur,امید ہے کہ یہ بہترین وقت ہوتا ہے,1
ur,امید ہے کہ یہ سب سے اچھا ہوا ہے,1
ur,امیر بھائی اگر آپ کو ایک ایک ہی,1
ur,امیر بھائی میں بھی ایک بہترین وی,1
ur,امیر بھائی کی طرف سے محسوس کریں,1
ur,امیر مہدیدیہ ایسی طرح بھی محسوس,1
ur,اور اگر آپ کو ایک بہترین ویڈیو پی,1
ur,اور یہ سب سے اچھا ہوا ہے,1
ur,اپنے دنیا کی بہترین شخص کو محبت,1
ur,اچھا اچھا,1
ur,اڑھائی ایسا ہی نہیں ہے کہ یہ ایک,1
ur,اڑھائیے اور کمیونیوں سے بھی دیکھ,1
ur,اڑھائیے اور ہمارا مہینہ بہترین و,1
ur,اگر آپ نے اپنے بہنوں کو دیکھا تو,1
ur,اگر آپ کو ایک ایک ایسی بات دیکھتے,1
ur,اگر آپ کو ایک بہترین ویڈیو میں ب,1
ur,اگر آپ کو ایک بہترین ویڈیو میں مز,1
ur,اگر آپ کو ایک بہترین ویڈیو پر ایک,1
ur,اگر آپ کو ایک بہترین ویڈیو پر ملت,1
ur,اگر آپ کو ایک بہترین ویڈیو پیش کر,1
ur,اگر آپ کو ایک بہترین ویڈیو ڈائیو,1
ur,اگر آپ کو ایک دن بھی دیکھنا چاہتے,1
ur,اگر آپ کو ایک دن بھی دیکھنے والا,1
ur,اگر آپ کو ایک دوسرے بہترین ویڈیو,1
ur,اگر آپ کو ایک سیڈیو پر رہنمائی کر,1
ur,اگر آپ کو ایک سیڈیو پر رہنے والے,1
ur,اگر آپ کو یہاں سے بھی ایک بہترین,1
ur,اگر آپ کو یہاں سے بھی ایک لیکن ا,1
ur,اگر آپ کو یہاں سے بہترین باتیں د,1
ur,اگر آپ کو یہاں سے بہترین مجیدوں,1
ur,اگر آپ کو یہاں سے بہترین مقامات م,1
ur,اگر آپ کو یہاں سے بہترین وقت بھی,1
ur,اگر آپ کو یہاں سے بہترین ویڈیو مق,1
ur,اگر آپ کو یہاں سے بہترین ویڈیو کی,1
ur,اگر آپ کو یہاں سے کچھ بھی ملتا ہے,1
ur,اگلی بار بھی ملیں گے,1
ur,اگلی ویڈیو میں بھی ایک ویڈیو سیڈ,1
ur,اگلی ویڈیو میں بھی ایک ویڈیو پر ر,1
ur,اگلی ویڈیو میں بھی ایک ویڈیو کی ت,1
ur,اگلے بہترین ویڈیو میں ڈائیو کو د,1
ur,ایسا کہ آپ کو سب سے بہترین ویڈیو,1
ur,ایک بہترین ویڈیو کی تعلیم کیا ہے,1
ur,ایک سبسکرائب کریں اگر آپ کو ایک,1
ur,ایک شیئر کریں گے اگر آپ کو ایک ب,1
ur,بارشتی,1
ur,بلند دیتا ہوں,1
ur,بہت اچھا چیز ہے جس میں میں کسی ب,1
ur,بہترین ویڈیو میں بھی ملتا ہے,1
ur,بہترین ویڈیو پر ملتا ہے تو اپنے,1
ur,بہترین ویڈیو پیش کرتے ہیں تو اس و,1
ur,تا ہے لہذا اپنے دنیا میں بھی ایک,1
ur,تصویر دیکھنا چاہتے ہیں تو آپ کو,1
ur,تعلیم کیا ہے اگر آپ کو ایک بہتر,1
ur,تو آپ کو یہاں سے کچھ بھی ملتا ہے,1
ur,تو اس ویڈیو میں بھی موجود ہے,1
ur,تو اس کو سب سے بہترین ویڈیو پر رک,1
ur,تو اسے کسی بات سے بھی دیکھنے والا,1
ur,تو اسے کسی دن بھی دیکھنے والا ہے,1
ur,تے ہیں,1
ur,تے ہیں تو اس وقت آپ کو ایک بہترین,1
ur,تے ہیں تو اس ویڈیو پر بھی ایک لیکن,1
ur,تے ہیں تو اسے کلک کریں,1
ur,جائے گا اگر آپ کو ایک بہترین ویڈ,1
ur,جمہوریہ کے پاس جمعہ جارہے ہیں,1
ur,درمیان کریں,1
ur,دنیا کی بہترین ویڈیو پر ملتا ہے,1
ur,دیکھنا چاہتا ہے,1
ur,دیکھیں گے,1
ur,رین مقامات ملتے ہیں,1
ur,رین ویڈیو کی تعلیم کیا ہے اگر آپ,1
ur,سنتا ہے,1
ur,سیدھے ہمارے لئے بہت ساری باتیں,1
ur,ش کرتے ہیں تو اسے کلک کریں,1
ur,صویر مل جائے,1
ur,علیم کیا ہے تو اس ویڈیو میں بھی,1
ur,علیمات اور تعلیمات کی تعلیمات م,1
ur,عمل шمبசی,1
ur,قت آپ کو ایک بہترین ویڈیو میں بھی,1
ur,لائک ڈال کر پیارے کی اجازت دیتے,1
ur,لتی ہیں تو آپ کو یہاں سے بہترین مق,1
ur,لتے ہیں تو آپ کو یہاں سے بہترین مق,1
ur,لطف انکھیں اور اپنے پاس ایک کھان,1
ur,لطف اور جوانے کے بعد ایک دوستہ ہ,1
ur,لطف اور جوہرے ملتے ہیں وہ اس کے س,1
ur,لطف اور سب سے بہترین ویڈیو میں مز,1
ur,لہذا اگر آپ کو یہاں سے بہترین مق,1
ur,لیکن آپ کے خانتے کے لئے,1
ur,لیکن اگلی ویڈیو میں بھی ایک ویڈی,1
ur,لیکن رہتے ہیں تو اس کو سب سے بہتر,1
ur,ماہے میں پینچ منٹ منٹ کے قفل میں,1
ur,مجھے اپنی احتیاط کرنے کی ضرورت,1
ur,مجھے ایک بہت ساری ویڈیو پر انسان,1
ur,مجھے ایک بہترین ویڈیو میں بھی مل,1
ur,مجھے ایک بہترین ویڈیو پر ملتا ہے,1
ur,مجھے ایک بہترین ویڈیو کی تعلیم,1
ur,مجھے ایک ہی بہترین ویڈیو پر ملتا,1
ur,موسیقا,1
ur,میں آپ کو بھی ایک بہترین ویڈیو پر,1
ur,میں آپ کو یہاں سے بھی ایک لیکن ا,1
ur,میں انتہائی بہترین مجیدوں کی تعل,1
ur,میں بھی ایک ویڈیو پر ملیں گے,1
ur,میں بھی دیکھنا چاہتے ہیں تو اس و,1
ur,میں بھی موجود ہے,1
ur,نہیں ہوتا ہے تو,1
ur,نے کا مطلب ہے کہ آپ کو اپنی خوشیوں,1
ur,و سیڈیو کی تصویر کی ویڈیو پر رہتے,1
ur,و کی تصویر ہے,1
ur,و کے ساتھ مزید تعلیم کیا ہے,1
ur,وجود ہیں,1
ur,ونے والا ہے,1
ur,وں,1
ur,وں تو میں ایک سیڈیو پر رہنمائی کر,1
ur,ویڈیو پر ملتا ہے تو اس کے بارے,1
ur,ویڈیو پیش کریں گے,1
ur,ٹھیک ہے,1
ur,ٹھیک ہے کہ آپ نے یہاں سے بہت زیاد,1
ur,ٹھیک ہے کہ آپ نے یہاں سے مزید اچ,1
ur,پر رہیں,1
ur,پر ملتا ہے تو اس ویڈیو پر بھی ملت,1
ur,پر ملیں گے,1
ur,پسند چھوٹکہ,1
ur,ڈاکنگ اور پیرے میں,1
ur,ڈاکنگ جوڑے ہی ہوجائے گا,1
ur,ڈیس پر بھی ڈالیں,1
ur,ڈیس پر محفوظہ ہوں گے,1
ur,ڈیسٹیٹیو موسیقی,1
ur,ڈیلیو میں بھی دیکھ سکتے ہیں,1
ur,ڈیلیو میں دیکھنے کے لئے ایک شکری,1
ur,ڈیلیو میں دیکھنے کے لئے ایک ڈیلی,1
ur,ڈیلیو میں مزید تعلیمات کرتے ہیں,1
ur,ڈیویڈ میں بہترین مقامات ہیں,1
ur,ڈیویڈیو ایڈیو ایڈیو,1
ur,ڈیویڈیو ایک سیٹی پر ڈیویڈیو کلک,1
ur,ڈیویڈیو ایک سیٹیو پر بھی دیکھ سک,1
ur,ڈیویڈیو ایک سیڈیو پر رہنمائی کر,1
ur,ڈیویڈیو ایک سیڈیو پر رہنے والے,1
ur,ڈیویڈیو ایک سیڈیو پر ملیں,1
ur,کرتا ہے,1
ur,کرنے والا ہے,1
ur,کو ایک بہترین ویڈیو میں بھی مل ج,1
ur,کو بھی دیکھنے کا مطلب ہے,1
ur,کو یہاں سے ایک بہترین ویڈیو کی ت,1
ur,کی سبزیر کی تعلیم ملتی ہے تو مجھے,1
ur,کیا ہے اس ویڈیو میں بھی ایک بہت,1
ur,کیسے کھانا چاہتے ہیں,1
ur,گے,1
ur,ھی اچھا چیز نہیں ہے,1
ur,ھی ایک بہترین ویڈیو کے ساتھ مزید,1
ur,ھی موجود ہے,1
ur,ھیا ہے,1
ur,ھیں,1
ur,ہ محسوس کیا لہذا یہاں سے بہت زی,1
ur,ہ کیا ہے,1
ur,ہترین باتیں دیکھنا چاہتے ہیں,1
ur,ہترین ویڈیو پر ایک لیکن رہتے ہیں,1
ur,ہترین ویڈیو پیش کرتے ہیں تو اس وی,1
ur,ہمیں بہترین ویڈیو میں بہترین ویڈ,1
ur,ہونے والے ملیں گے,1
ur,ہیں اگلی ویڈیو میں بھی ایک ویڈیو,1
ur,ہیں تو,1
ur,ہے لہذا اپنے بہترین ویڈیو پر,1
ur,ی تصویر دے دیں,1
ur,ید تعلیم کیا ہے,1
ur,ید تعلیم کیا ہے تو اس ویڈیو میں ب,1
ur,یم ملتی ہے,1
ur,ین ویڈیو میں مزید تعلیم کیا ہے تو,1
ur,ین ویڈیو پر رکھیں اگر آپ کو ایک ب,1
ur,یو میں بھی مل جائے گا تو میں آپ,1
ur,یو میں سوال کریں گے,1
ur,یو پر بھی ایک لیکن ایک شیئر کریں,1
ur,یو پر ملتا ہے,1
ur,یو کی تصویر کی ویڈیو پر رہتے ہیں,1
ur,یو کے ساتھ بھی ایک ویڈیو پر ملیں گ,1
ur,یڈیو محفوظ ہونے والے ایک ہی ویڈیو,1
ur,یڈیو پر بھی ایک لیکن ایک سبسکرائب,1
ur,یک ویڈیو میں بھی مزید تعلیمات کرت,1
ur,یکھنا چاہتے ہیں تو آپ کو یہاں سے ب,1
ur,یکھیں,1
ur,یں,1
ur,یں تو میں ایک سیڈیو پر رہنمائی کر,1
ur,یہاں سے اگلے بہترین ویڈیو میں ڈ,1
ur,یہاں سے بہترین ویڈیو مقامات کو د,1
ur,یہاں سے بہترین ویڈیو کی تصویر د,1
ur,ے,1
ur,ے ہیں تو,1
uz,adığını görmektedir,1
uz,al triple,1
uz,altyazı m k,1
uz,altyazıya teşekkür ederim,1
uz,altyazıya teşekkürler,1
uz,am çağdaşlı dgram,1
uz,and if you are a good trainer and you do proper alignment,1
uz,ba'ba'ya'n baxamishkab,1
uz,ba'bi'n əlaqətən əlaqətən,1
uz,baqtan executive,1
uz,baran obhali'o'yu tagla'yikashesan,1
uz,bir yerdir,1
uz,bu video'nun təsirli olaylar əlaqətdən əlaqətən,1
uz,but we still have a whole life to live,1
uz,bye,1
uz,bye bye,1
uz,can you rustling,1
uz,coleslaw,1
uz,dostlar bu təmələri əlaqət edirik bəli bu təməl,1
uz,every day is heaven,1
uz,fecik,1
uz,gidim,1
uz,girim,1
uz,gps allowance,1
uz,help,1
uz,heveryday is job nhe travel channel,1
uz,hoscakalin,1
uz,hoscakalling,1
uz,hoşcakalin,1
uz,hãm sa'm hãm,1
uz,i zlediğiniz için teşekkür ederim i zlediğiniz için,1
uz,inin aynı zamanda birbirini aynı zamanda birşey olup olm,1
uz,issezirmisim,1
uz,kimi,1
uz,malam,1
uz,may 2021 2016,1
uz,o bir mindad'tir,1
uz,okay 442 negative,1
uz,okay thank you,1
uz,oops,1
uz,piña xanxi,1
uz,qaq,1
uz,qarabağda bir çay içmek için çay içmeyi başarılı,1
uz,qed,1
uz,rm bts members are reflected in the lava,1
uz,sara necessity,1
uz,sevimli lardharlar,1
uz,siaద,1
uz,sizi a нagsiririk,1
uz,so please take us with you,1
uz,sos canada ca,1
uz,soskobar,1
uz,sosya com,1
uz,sosya org,1
uz,sosyal medya tarixin kagirib,1
uz,sosyal əməri,1
uz,sosyal'in eksiyonu'n tashqilin,1
uz,sosyetevlik,1
uz,sosyetevlilk,1
uz,strain,1
uz,teşekkürler,1
uz,tüm ürünlerimizden tezgahlarımızın tüm ürünler,1
uz,und das ist das was ich für eine gute arbeit gemacht habe,1
uz,uronild'dandu'yiu,1
uz,yeni tur,1
uz,yn gawbob,1
uz,you,1
uz,you will definitely get muscle tension and avoid muscle,1
uz,yunliʻu,1
uz,zəm,1
uz,əg əlbəsəm əlaqətən əsgafəsəm,1
uz,əg əsgitirik əsgitirik,1
uz,əkbəsəmən əkbəsəmən,1
uz,əl təkbelighəngi,1
uz,əla',1
uz,əlaqət əlaqətən əlaməqətən,1
uz,əlaqət əlimərəkə qədər əlaqət əliməri kədər,1
uz,əlaqətə qalmaq,1
uz,əlaqətən təsirli ola'lərə əlaqətdən təsirli olamə,1
uz,əlbəst,1
uz,əlbətən,1
uz,əlbətən əlbətən,1
uz,əliməri,1
uz,əliyye,1
uz,əliyyi əliyyi,1
uz,əri qələri əlaqət edirik,1
uz,ərəm təsəməzəm,1
uz,ətəmələrinə ələrəməli,1
uz,əəə əa richard,1
uz,қалибар,1
uz,ක ස න න ප රයක ප රයක,1
uz,ප රයක වත රක ප රයක,1
uz,ලට ප රයක ප රහන ප ල ම,1
uz,ශ මය වන න තබන න,1
uz,ច យ យយ,1
uz,រ,1
uz,រ រ そchte,1
uz,ល,1
uz,អ,1
vi,các bạn hãy đăng ký kênh để ủng hộ kênh,1
vi,các bạn hãy đăng ký kênh để ủng hộ mình nh,1
vi,các bạn nhớ đăng kí kênh để ủng hộ kênh,1
vi,các bạn nhớ đăng ký kênh để xem những video,1
vi,các bạn trong những video tiếp theo,1
vi,cảm ơn các bạn đã xem video này,1
vi,cảm ơn các bạn đã xem video này hẹn gặp lại,1
vi,cảm ơn các bạn đã xem video này xin chào và h,1
vi,của mình nhé,1
vi,hãy subscribe cho kênh ghiền mì gõ để không bỏ,1
vi,hãy subscribe cho kênh la la school để không bỏ l,1
vi,hãy đăng kí cho kênh lalaschool để không bỏ lỡ,1
vi,hãy đăng ký kênh để nhận thêm nhiều video,1
vi,hãy đăng ký kênh để nhận thông tin nhất,1
vi,hãy đăng ký kênh để ủng hộ kênh mình nhé,1
vi,hãy đăng ký kênh để ủng hộ mình nhé,1
vi,hẹn gặp lại các bạn trong những video tiếp,1
vi,lỡ những video hấp dẫn,1
vi,mới nhất nhé,1
vi,é,1
vi,ẹn gặp lại,1
yi,ama,1
yi,billie eilish,1
yi,ha ha ha ha ha ha ha ha,1
yi,hr,1
yi,inir ʻeinir ʻeinir,1
yi,ischaf eifel oslo oslo eifel oslo eifel oslo eifel os,1
yi,lo eifel oslo eifel oslo eifel oslo eifel oslo eifel,1
yi,music,1
yi,so what do you think,1
yi,und das ist das was wir jetzt machen,1
yi,und das ist es,1
yi,und das war's tschüss,1
yi,und wir sehen uns im nächsten video tschüss,1
yi,www bbillieeilish com,1
yi,ʻiənʻi ʻeinirʻi ʻeinir ʻeinir ʻeinir ʻeinir ʻe,1
yi,құрғыз құңғағың құрғаң құқғың қ,1
yi,ңғаң құңғаң,1
yi,א ל ה א נ ה א ל ה א נ ה,1
yi,א ל ה א נ ה ל א ל ה,1
yi,א ל ל ל א מן ם א ל ה א נ ה,1
yi,אהבה,1
yi,אוהבות ועוד פעם,1
yi,אור,1
yi,אז איך זה יקרה,1
yi,איזה רעיון,1
yi,איזה רעיון איך זה יקר,1
yi,איך איך איך,1
yi,איך זה יפה,1
yi,איך זה קר,1
yi,איך זה קרח,1
yi,אין,1
yi,אין אין אין,1
yi,אין אין אין אין,1
yi,אין היום היפה אין היום אין היום,1
yi,אין לאןר,1
yi,אינטרנט אינטרנט היי אינטרנט,1
yi,ב,1
yi,ביי,1
yi,החלטה שלך,1
yi,היי אינטרנט היי אינטרנט היי,1
yi,היי אינטרנט היי אינטרנט היי א,1
yi,הפקת כתוביות ההלכה על ה sfmh org,1
yi,הפקת כתוביות הכתוביות www youtube com ה,1
yi,הפקת כתוביות התלמידים הפקת כתוב,1
yi,הפקת כתוביות לכתוביות ה,1
yi,ויש לך את החלטה שלך איך יש לך את,1
yi,ון,1
yi,יהיה מילים ואין לי איזה מטרדס,1
yi,יהיה קרבה,1
yi,יות איתה,1
yi,ין נרחב אין נרחב אין נרחב אין נרח,1
yi,ינטרנט היי אינטרנט היי אינטרנט,1
yi,כתוביות עצמי אינטרנטים www youtube com,1
yi,נעשה בראש head necks,1
yi,נרחב אין נרחב אין נרחב אין נרחב א,1
yi,פקת כתוביות,1
yi,פקת כתוביות הכתוביות www youtube com הפ,1
yi,פרסים ראשית,1
yi,קת כתוביות www youtube com,1
yi,תודה לך,1
yi,תודה על המשך הטפקת ולמחלת הסרט,1
yi,ន បន ប រ បន ប រ ប រ,1
yi,ប រ ប រ ប រ ប រ រ,1
yi,艸,1
yo,alisha alisha alisha alisha alisha alisha,1
yo,altyazı m k,1
yo,doomdum dum doodum doodum,1
yo,forgive me if i speak alone,1
yo,i'm going to the next one,1
yo,iyengar iyengar iyengar,1
yo,may i have your attention please the ferry will be docking,1
yo,mbaka,1
yo,mbaya,1
yo,mwabare,1
yo,ndiawa,1
yo,ndiawawekwa ndiyawekwa,1
yo,ndidiyo ndidiyo,1
yo,ndiyawekwa ndiyawekwa,1
yo,ndodiwa,1
yo,ngayi ngayi ngayi,1
yo,nice to meet you please subscribe to my channel thank you,1
yo,ok,1
yo,rng sekaru,1
yo,shortly for your safety all passengers are to remain off,1
yo,sina com au,1
yo,sinaweka sinaweka,1
yo,smash bros adriano,1
yo,so you can full خيلاء,1
yo,sosofo com au,1
yo,sosok sosok,1
yo,sosokin,1
yo,sosokinye ndiyo,1
yo,sosokwe com au,1
yo,sosokwe mwele sosokwe nigeria,1
yo,sosokyo com au,1
yo,sosososo,1
yo,sosyo com au,1
yo,stairs ramps and landings until the next train,1
yo,thank you for watching,1
yo,und jetzt ist es zeit dieses video zu veröffentlichen,1
yo,wait for the rain to stop,1
yo,we wish you a pleasant night,1
yo,welcome to the golden circle of life,1
yo,wh wh,1
yo,wir sehen uns im nächsten video tschüss,1
yo,www facebook com,1
yo,www fallingplates com,1
yo,www feyy com,1
yo,www globalonenessproject org,1
yo,www instagram com,1
yo,www subsedit com,1
yo,www twitter com,1
yo,ស ន ត រ ងន រ ន,1
yue,bye,1
yue,depart,1
yue,i'm going to get a coffee,1
yue,i'm going to show you the kitchen,1
yue,if you like this video please subscribe to my channel,1
yue,may i have your attention please the ferry will be docking,1
yue,music by ben thede,1
yue,please see review no 107253 on pissedconsumer com,1
yue,please subscribe and like,1
yue,please subscribe and like thanks,1
yue,please subscribe to my channel thank you,1
yue,please subscribe to my channel thanks,1
yue,shortly for your safety all passengers are to remain off,1
yue,stairs ramps and landings until the ferry is ready to,1
yue,subscribe,1
yue,thank you,1
yue,thank you for watching,1
yue,thank you for watching my video,1
yue,thank you for watching please subscribe to my channel,1
yue,thank you for watching please subscribe to support us,1
yue,thank you for watching the video see you in the next video,1
yue,thanks for watching,1
yue,thanks for watching don't forget to like comment and,1
yue,thanks for watching please subscribe,1
yue,this is a test,1
yue,this is the end of the video thank you for watching,1
yue,you,1
zh,下集预告,1
zh,别忘了订阅,1
zh,大家好 欢迎来到我的频道,1
zh,字幕by索兰娅,1
zh,字幕提供者 李宗盛,1
zh,字幕由 amara org 社群提供,1
zh,字幕由amara org社区提供,1
zh,感謝您的觀看 我們下次再見,1
zh,感谢收看 欢迎订阅我的频道,1
zh,感谢观看,1
zh,我們下次再見 拜拜,1
zh,採訪撰稿者 攝影剪輯 攝影師,1
zh,本期視頻就拍到這裡了 下次再會,1
zh,本期視頻就拍到這裡了 感謝觀看,1
zh,本集完,1
zh,本集完結 感謝觀看 下次見,1
zh,為了安全 所有乘客請留在樓梯上 樓梯和降落,1
zh,由 amara org 社群提供的字幕,1
zh,目,1
zh,與點點欄目,1
zh,處,1
zh,請不吝點贊訂閱轉發打賞支持明鏡與點點欄目,1
zh,請注意 車子將會很快就停下來,1
zh,謝謝 下次見 拜拜,1
zh,謝謝觀看,1
zh,謝謝觀看 下次再會,1
zh,謝謝觀看 下次見 掰掰,1
zh,謝謝觀看 下集再見 拜拜,1
zh,謝謝觀看 記得訂閱 按讚 分享 打賞支持明鏡,1
zh,謝謝觀看 請訂閱 按讚 分享 打賞支持明鏡與,1
zh,謝謝觀賞 記得訂閱 按讚 分享 打賞支持明鏡,1
zh,记得订阅,1
zh,请不吝点赞 订阅 转发 打赏支持明镜与点点栏,1
zh,谢谢观看,1
zh,點點欄目,1
